LOG1,FERIDOS,FERIDOS_GR,MORTES,MORTE_POST,FATAIS,N_ACIDENTES,N_PARDAIS,N_LOMBADAS
AC B SQ UM SEGUNDA UV VL N RESTINGA,0,0,0,0,0,1,0,0
AC TRES AV CASTELO BRANCO-VOLUNTARIOS,1,0,0,0,0,1,0,0
AC UM TREVO CARRION JUNIOR,0,0,0,0,0,2,0,0
AL ALCEU WAMOSY,0,0,0,0,0,3,0,0
AL ALIPIO CESAR,0,0,0,0,0,1,0,0
AL COELHO NETO,0,0,0,0,0,1,0,0
AL EDUARDO GUIMARAES,0,0,0,0,0,1,0,0
AL EMILIO DE MENEZES,0,0,0,0,0,2,0,0
AL MAJOR FRANCISCO BARCELOS,0,0,0,0,0,1,0,0
AL SANTO AMARO,0,0,0,0,0,1,0,0
AL TRES DE OUTUBRO,7,0,0,0,0,13,0,0
AL VICENTE DE CARVALHO,0,0,0,0,0,1,0,0
AV A J RENNER,13,4,0,0,0,43,0,0
AV ADELINO FERREIRA JARDIM,12,0,0,0,0,16,0,0
AV ALBERTO BINS,5,0,0,0,0,16,0,0
AV ALBERTO PASQUALINI,9,1,0,0,0,23,0,0
AV ALCIDES MAIA,5,0,0,0,0,9,0,0
AV ALEGRETE,0,0,0,0,0,3,0,0
AV AMAZONAS,0,0,0,0,0,1,0,0
AV AMYNTHAS JACQUES DE MORAES,1,1,0,0,0,2,0,0
AV ANTONIO CARVALHO,22,3,0,0,0,75,0,4
AV ANTONIO GIUDICE,1,0,0,0,0,2,0,0
AV ANTUNES RIBAS,0,0,0,0,0,3,0,0
AV ARLINDO PASQUALINI,1,0,0,0,0,3,0,0
AV ARNALDO BOHRER,5,0,0,0,0,6,0,0
AV ASSIS BRASIL,188,12,4,1,5,532,4,0
AV ASSIS CHATEAUBRIAND,0,0,0,0,0,1,0,0
AV AUGUSTO DE CARVALHO,3,0,0,0,0,9,0,0
AV AUGUSTO MEYER,4,0,0,0,0,8,0,0
AV AURELIANO DE FIGUEIREDO PINTO,10,0,0,1,1,42,0,0
AV BAGE,4,0,0,0,0,5,0,0
AV BALTAZAR DE OLIVEIRA GARCIA,102,10,0,1,1,170,0,2
AV BASTIAN,1,0,0,0,0,18,0,0
AV BEIRA RIO,1,0,0,0,0,1,0,0
AV BELEM,1,0,0,0,0,5,0,0
AV BELEM VELHO,5,0,0,0,0,5,0,0
AV BENJAMIN CONSTANT,20,2,0,0,0,45,0,0
AV BENNO MENTZ,4,0,0,0,0,14,0,0
AV BENTO GONCALVES,218,17,4,1,5,376,7,0
AV BERLIM,1,0,0,0,0,11,0,0
AV BERNARDI,3,0,0,0,0,6,0,0
AV BERNARDINO DE OLIVEIRA PAIM,1,0,0,0,0,3,0,0
AV BERNARDINO SILVEIRA DE AMORIM,37,4,0,0,0,65,0,0
AV BERNARDINO SILVEIRA PASTORIZA,22,5,0,0,0,34,0,0
AV BISPO JOAO SCALABRINI,3,0,0,0,0,3,0,0
AV BOGOTA,0,0,0,0,0,7,0,0
AV BORGES DE MEDEIROS,34,5,1,1,2,69,0,0
AV BRASIL,33,1,0,0,0,68,0,0
AV BRASILIA,1,0,0,0,0,4,0,0
AV BRASILIANO INDIO DE MORAES,3,0,0,0,0,5,0,0
AV BRINO,0,0,0,0,0,1,0,0
AV CACAPAVA,0,0,0,0,0,1,0,0
AV CALDEIA,0,0,0,0,0,1,0,0
AV CAPIVARI,2,0,0,0,0,6,0,0
AV CARLOS GOMES,35,2,0,0,0,91,0,0
AV CARLOS MAXIMILIANO FAYET,0,0,0,0,0,1,0,0
AV CARNEIRO DA FONTOURA,5,0,0,0,0,12,0,0
AV CASCAIS,1,0,0,0,0,3,0,0
AV CEARA,17,1,0,1,1,78,0,0
AV CEL APARICIO BORGES,74,3,0,0,0,103,0,0
AV CEL GASTAO HASLOCHER MAZERON,2,0,1,0,1,5,0,0
AV CEL LUCAS DE OLIVEIRA,14,1,0,0,0,23,0,0
AV CEL MARCOS,15,2,0,0,0,28,0,0
AV CEL PEDRO AUGUSTO BITTENCOURT,0,0,0,0,0,1,0,0
AV CELESTINO BERTOLUCCI,0,0,0,0,0,1,0,0
AV CERES,0,0,0,0,0,2,0,0
AV CHICAGO,1,0,0,0,0,4,0,0
AV CHUI,6,1,0,0,0,19,0,0
AV CINCO DE NOVEMBRO,1,0,0,0,0,2,0,0
AV CIRCULAR,0,0,0,0,0,1,0,0
AV CLEMENCIANO BARNASQUE,0,0,0,0,0,3,0,0
AV CLOVIS PAIM GRIVOT,0,0,0,0,0,3,0,0
AV COMANDANTE HARALD STUNDE,0,0,0,0,0,1,0,0
AV COPACABANA,5,0,0,0,0,11,0,0
AV CRISTOVAO COLOMBO,44,2,0,0,0,129,0,0
AV CRUZ ALTA,0,0,0,0,0,2,0,0
AV DA AZENHA,32,3,1,0,1,51,0,0
AV DA CAVALHADA,59,4,0,0,0,155,3,0
AV DA LEGALIDADE E DA DEMOCRACIA,21,1,3,0,3,73,0,0
AV DA SERRARIA,16,1,1,0,1,23,0,0
AV DANTE ANGELO PILLA,8,1,0,0,0,21,1,0
AV DAS INDUSTRIAS,6,1,0,0,0,16,0,0
AV DELEGADO ELY CORREA PRADO,6,3,0,0,0,8,0,0
AV DELMAR ROCHA BARBOSA,2,0,0,0,0,4,0,0
AV DEPUTADO ARAMY SILVA,1,0,0,0,0,1,0,0
AV DESEMBARGADOR ANDRE DA ROCHA,0,0,0,0,0,10,0,0
AV DEZ DE MAIO,4,0,0,0,0,4,0,0
AV DIARIO DE NOTICIAS,7,1,0,1,1,32,0,0
AV DIQUE,1,0,0,0,0,3,0,0
AV DIVISA,6,0,0,0,0,5,0,0
AV DO FORTE,22,1,0,0,0,35,0,0
AV DO LAMI,10,1,2,1,3,7,0,0
AV DOLORES ALCARAZ CALDAS,0,0,0,0,0,1,0,0
AV DOM CLAUDIO JOSE GONCALVES P LEAO,1,0,0,0,0,3,0,0
AV DONARIO BRAGA,1,0,0,0,0,1,0,0
AV DOS BURGUESES,1,0,0,0,0,2,0,0
AV DOS CUBANOS,0,0,0,0,0,1,0,0
AV DOS ESTADOS,3,0,0,0,0,11,0,0
AV DOS GAUCHOS,1,1,0,0,0,3,0,0
AV DOS INDUSTRIARIOS,0,0,0,0,0,2,0,0
AV DOS PRAZERES,1,0,0,0,0,2,0,0
AV DR ALBERTO VIANNA ROSA,1,0,0,0,0,1,0,0
AV DR CARLOS BARBOSA,11,0,0,0,0,18,0,0
AV DR JOAO DENTICE,1,0,0,0,0,1,0,0
AV DR JOAO SIMPLICIO A DE CARVALHO,4,0,0,0,0,9,0,0
AV DR LUCIANO RAUL PANATIERI,1,0,0,0,0,2,0,0
AV DR NILO PECANHA,37,4,0,0,0,118,6,0
AV DR RUBEM KNIJNIK,2,0,0,0,0,3,0,0
AV ECON NILO WULFF,10,1,0,0,0,6,0,0
AV ECOVILLE,6,0,0,0,0,11,0,0
AV EDGAR PIRES DE CASTRO,59,0,2,1,3,86,2,0
AV EDU LAS-CASAS,0,0,0,0,0,1,0,0
AV EDUARDO PRADO,21,3,1,0,1,40,2,0
AV EDVALDO PEREIRA PAIVA,6,0,0,0,0,47,2,0
AV ELIAS CIRNE LIMA,1,0,0,0,0,3,0,0
AV ELVIO ANTONIO FILIPETTO,3,1,0,0,0,7,0,0
AV ENCANTADO,0,0,0,0,0,1,0,0
AV ENG ALFREDO CORREA DAUDT,2,0,0,0,0,5,0,0
AV ENG ARY DE ABREU LIMA,0,0,0,0,0,3,0,0
AV ENG FRANCISCO RODOLFO SIMCH,5,0,0,0,0,11,0,0
AV ENG FREDERICO DAHNE,0,0,0,0,0,2,0,0
AV ENG LUDOLFO BOEHL,2,0,0,0,0,4,0,0
AV ERICO VERISSIMO,19,0,0,0,0,36,0,0
AV ERNESTO NEUGEBAUER,4,0,0,0,0,5,0,0
AV ESTER,1,0,0,0,0,1,0,0
AV EURICO AQUINO,0,0,0,0,0,1,0,0
AV FARIA LOBATO,8,0,0,0,0,9,0,0
AV FARRAPOS,76,4,0,2,2,257,0,0
AV FERNANDO FERRARI,10,1,0,0,0,15,0,0
AV FLAMENGO,0,0,0,0,0,1,0,0
AV FRANCA,1,0,0,0,0,5,0,0
AV FRANCISCO MASSENA VIEIRA,1,1,0,0,0,1,0,0
AV FRANCISCO PETUCO,0,0,0,0,0,2,0,0
AV FRANCISCO SILVEIRA BITENCOURT,19,3,0,0,0,32,0,0
AV FRANCISCO TALAIA DE MOURA,3,0,0,0,0,2,0,0
AV FRANCISCO TREIN,4,0,0,0,0,12,0,0
AV GANZO,1,0,0,0,0,5,0,0
AV GEN BARRETO VIANA,3,0,0,0,0,8,0,0
AV GEN EMILIO LUCIO ESTEVES,3,0,0,0,0,14,0,0
AV GEN GOMES CARNEIRO,2,0,0,0,0,4,0,0
AV GEN RAPHAEL ZIPPIN,7,0,0,0,0,8,0,0
AV GETULIO VARGAS,6,0,0,0,0,24,0,0
AV GOETHE,11,0,0,0,0,37,0,0
AV GOMES DE CARVALHO,2,0,0,0,0,1,0,0
AV GRECIA,2,0,0,0,0,14,0,0
AV GUADALUPE,4,0,0,0,0,2,0,0
AV GUAIBA,6,0,0,1,1,21,0,0
AV GUAPORE,0,0,0,0,0,1,0,0
AV GUARUJA,0,0,0,0,0,1,0,0
AV GUIDO MONDIN,2,0,0,0,0,9,0,0
AV HERVAL,1,1,0,0,0,1,0,0
AV ICARAI,10,0,1,0,1,32,0,2
AV IGNES E FAGUNDES,6,1,0,0,0,6,0,0
AV IGUASSU,0,0,0,0,0,8,0,0
AV IJUI,1,0,0,0,0,11,0,0
AV INDEPENDENCIA,20,3,0,0,0,78,0,0
AV IPE,6,2,1,0,1,16,0,0
AV IPIRANGA,184,12,0,2,2,610,3,0
AV ITAJAI,0,0,0,0,0,1,0,0
AV ITAQUI,0,0,0,0,0,1,0,0
AV JACUI,5,0,0,0,0,8,0,0
AV JAIME VIGNOLI,0,0,0,0,0,5,0,0
AV JERONIMO DE ORNELAS,4,0,0,0,0,24,0,0
AV JOAO FERREIRA JARDIM,2,0,0,0,0,3,0,0
AV JOAO OBINO,0,0,0,0,0,4,0,0
AV JOAO PESSOA,52,2,0,3,3,131,0,0
AV JOAO WALLIG,14,0,0,1,1,22,0,0
AV JOAO XXIII,0,0,0,0,0,2,0,0
AV JOAQUIM PORTO VILLANOVA,4,0,0,0,0,5,0,0
AV JOSE ALOISIO FILHO,0,0,0,0,0,8,0,0
AV JOSE BONIFACIO,3,0,0,0,0,11,0,0
AV JOSE CORREA DA SILVA,1,0,0,0,0,2,0,0
AV JUCA BATISTA,77,2,2,2,4,154,4,2
AV JULIO DE CASTILHOS,23,1,0,0,0,74,0,0
AV JUSCELINO KUBITSCHEK DE OLIVEIRA,11,2,0,0,0,13,0,0
AV LAGEADO,0,0,0,0,0,5,0,0
AV LAVRAS,3,0,0,0,0,4,0,0
AV LOUREIRO DA SILVA,27,1,0,0,0,95,0,0
AV LUIZ FRANCISCO ZANELLA,2,0,0,0,0,2,0,0
AV LUIZ MANOEL GONZAGA,2,0,0,0,0,6,0,0
AV LUIZ MOSCHETTI,6,0,0,0,0,6,0,0
AV MAE APOLINARIA MATIAS BATISTA,1,1,0,0,0,2,0,0
AV MAJOR MANOEL JOSE MONTEIRO,1,0,0,0,0,1,0,0
AV MANOEL ELIAS,35,2,0,0,0,52,3,0
AV MARANHAO,0,0,0,0,0,6,0,0
AV MARECHAL ANDREA,3,0,0,0,0,6,0,0
AV MARILAND,1,0,0,0,0,2,0,0
AV MARIO MENEGHETTI,2,0,0,0,0,3,0,0
AV MARTIM FELIX BERTA,18,3,0,1,1,24,0,0
AV MARTINICA,0,0,1,0,1,1,0,0
AV MARTINS BASTOS,7,0,1,0,1,19,0,0
AV MATHILDE TREIN RENNER,3,0,0,0,0,4,0,0
AV MAUA,16,0,0,1,1,80,0,0
AV MAURICIO SELIGMAN,1,0,0,0,0,2,0,0
AV MENA BARRETO,2,0,0,0,0,4,0,0
AV MERIDIONAL,1,0,0,0,0,1,0,0
AV MINAS GERAIS,4,2,0,0,0,4,0,0
AV MISSOES,0,0,0,0,0,2,0,0
AV MOAB CALDAS,7,2,0,0,0,5,0,0
AV MONTE CRISTO,7,0,0,0,0,8,0,0
AV MONTENEGRO,1,0,0,1,1,3,0,0
AV NESTOR VALDMAN,0,0,0,0,0,1,0,0
AV NEUSA GOULART BRIZOLA,1,0,0,0,0,7,0,0
AV NILO RUSCHEL,1,0,0,0,0,3,0,0
AV NILOPOLIS,4,0,0,0,0,10,0,0
AV NITEROI,9,1,0,0,0,13,0,0
AV NONOAI,23,2,0,0,0,67,1,0
AV NOVA YORK,2,0,0,0,0,4,0,0
AV ORLEAES,1,0,0,0,0,3,0,0
AV OSVALDO ARANHA,35,4,0,0,0,89,0,0
AV OSWALDO GONCALVES CRUZ,1,0,0,0,0,2,0,0
AV OSWALDO ROLLA (FOGUINHO),0,0,0,0,0,1,0,0
AV OTAVIO ROCHA,1,0,0,0,0,2,0,0
AV OTTO NIEMEYER,47,3,0,1,1,114,0,0
AV OUTEIRO,0,0,0,0,0,1,0,0
AV PADRE CACIQUE,16,0,0,0,0,51,1,4
AV PADRE LEOPOLDO BRENTANO,3,0,0,1,1,6,0,1
AV PADRE THOME,0,0,0,0,0,7,0,0
AV PALMEIRA,2,0,0,0,0,6,0,0
AV PALMIRA GOBBI,0,0,0,0,0,2,0,0
AV PANAMERICANA,0,0,0,0,0,8,0,0
AV PARA,5,0,0,0,0,7,0,0
AV PARANA,2,0,0,0,0,3,0,0
AV PASTOR ERNESTO SCHLIEPER,0,0,0,0,0,2,0,0
AV PATRIA,4,0,0,0,0,14,0,0
AV PAULO GAMA,3,0,0,0,0,16,0,0
AV PAULO PONTES,0,0,0,0,0,1,0,0
AV PEREIRA PASSOS,1,0,0,0,0,5,0,0
AV PERNAMBUCO,6,0,0,0,0,15,0,0
AV PINHEIRO BORDA,0,0,0,0,0,8,0,0
AV PINHEIRO MACHADO,1,0,0,0,0,1,0,0
AV PIRAPO,0,0,0,0,0,1,0,0
AV PLINIO BRASIL MILANO,31,3,0,0,0,97,0,0
AV PLINIO KROEFF,15,1,0,0,0,17,0,0
AV POLONIA,2,0,0,0,0,7,0,0
AV PORTO ALEGRE,2,0,0,0,0,2,0,0
AV PRAIA DE BELAS,18,3,0,1,1,70,0,0
AV PRESIDENTE FRANKLIN ROOSEVELT,8,0,0,0,0,23,0,0
AV PRESIDENTE JOAO GOULART,3,0,0,0,0,7,0,0
AV PRINCESA ISABEL,20,2,0,0,0,53,0,0
AV PROF OSCAR PEREIRA,133,12,0,1,1,224,0,2
AV PROF PAULA SOARES,3,0,0,1,1,8,0,0
AV PROTASIO ALVES,223,20,1,2,3,502,4,0
AV QUITO,0,0,0,0,0,2,0,0
AV RICARDO LEONIDAS RIBAS,1,0,0,0,0,1,0,0
AV RIO SAO GONCALO,1,0,0,0,0,4,0,0
AV ROCIO,2,0,0,0,0,7,0,0
AV RODRIGUES DA FONSECA,12,0,0,0,0,20,0,0
AV SALVADOR LEAO,0,0,0,0,0,2,0,0
AV SANTO DIAS DA SILVA,1,0,0,0,0,2,0,0
AV SAO PAULO,1,0,0,0,0,8,0,0
AV SAO PEDRO,14,0,0,0,0,30,0,0
AV SAO SEBASTIAO,6,0,0,0,0,6,0,0
AV SARANDI,1,0,0,0,0,2,0,0
AV SARGENTO MANOEL RAYMUNDO SOARES,1,0,0,0,0,1,0,0
AV SATURNINO DE BRITO,21,4,0,0,0,41,0,0
AV SAUL NONNENMACHER,0,0,0,0,0,5,0,0
AV SENADOR SALGADO FILHO,13,0,0,0,0,21,0,0
AV SENADOR TARSO DUTRA,10,0,0,0,0,13,1,0
AV SERAFIM MACHADO,2,1,0,0,0,1,0,0
AV SERTORIO,125,13,1,0,1,349,0,0
AV SEVERO DULLIUS,4,0,0,0,0,19,0,0
AV SILVA PAES,0,0,0,0,0,1,0,0
AV SILVADO,13,2,0,0,0,12,0,0
AV SOLEDADE,0,0,0,0,0,5,0,0
AV SOUZA MELO,0,0,0,0,0,2,0,0
AV TAPIACU,0,0,0,0,0,1,0,0
AV TAQUARA,1,1,0,0,0,2,0,0
AV TEIXEIRA MENDES,8,1,0,0,0,13,0,0
AV TERESINA,0,0,0,0,0,1,0,0
AV TERESOPOLIS,24,3,0,0,0,48,0,0
AV TOLEDO PIZA,2,0,0,0,0,3,0,0
AV TRAMANDAI,6,0,0,0,0,16,0,0
AV TULIO DE ROSE,1,0,0,0,0,12,0,0
AV VALADO,0,0,0,0,0,1,0,0
AV VEIGA,0,0,0,0,0,9,0,0
AV VENANCIO AIRES,19,2,0,0,0,45,0,0
AV VEREADOR ROBERTO LANDELL DE MOURA,1,0,0,0,0,1,0,0
AV VERISSIMO DE AMARAL,4,0,0,0,0,5,0,0
AV VICENTE MONTEGGIA,38,4,0,0,0,57,0,0
AV VIENA,0,0,0,0,0,4,0,0
AV VILA SANTISSIMA TRINDADE,0,0,0,0,0,1,0,0
AV VINTE UM DE ABRIL,4,1,0,0,0,6,0,0
AV WALTER KAUFMANN,1,0,0,0,0,2,0,0
AV WENCESLAU ESCOBAR,24,1,0,0,0,56,1,0
BC A VILA DOS MAIAS,1,0,0,0,0,1,0,0
BC DAS CAPOEIRAS,2,0,0,0,0,2,0,0
BC DO DAVID,1,0,0,0,0,2,0,0
BC DO FRANKLIN,1,0,0,0,0,1,0,0
BC DO JOAO CONTE,1,0,0,0,0,2,0,0
BC DO PAULINO,1,0,0,0,0,2,0,0
BC DOS MARIANOS,0,0,0,0,0,1,0,0
BC JOSE PARIS,3,2,0,0,0,3,0,0
BC RECANTO DO CHIMARRAO,1,0,0,0,0,1,0,0
BC SOUZA COSTA,1,0,0,0,0,1,0,0
ESTR AFONSO LOURENCO MARIANTE,20,2,1,0,1,26,0,0
ESTR ANTONIO BORGES,3,0,0,0,0,2,0,0
ESTR ANTONIO SEVERINO,5,0,0,0,0,6,0,0
ESTR ARACAJU,1,0,0,0,0,1,0,0
ESTR BARRO VERMELHO,6,1,0,0,0,10,0,0
ESTR CAMPO NOVO,0,0,0,0,0,1,0,0
ESTR CHACARA DO BANCO,3,0,0,0,0,4,0,0
ESTR CHAPEU DO SOL,9,3,0,0,0,4,0,0
ESTR COSTA GAMA,29,5,0,0,0,41,0,2
ESTR CRISTIANO KRAEMER,14,4,0,0,0,16,0,2
ESTR DA PONTA GROSSA,2,0,0,0,0,2,0,0
ESTR DA TAQUARA,3,0,0,0,0,3,0,0
ESTR DAS FURNAS,2,0,0,0,0,1,0,0
ESTR DAS QUIRINAS,1,0,0,0,0,1,0,0
ESTR DAS TRES MENINAS,2,0,2,0,2,5,0,0
ESTR DO RINCAO,1,0,0,1,1,1,0,0
ESTR DO VAREJAO,13,1,1,0,1,7,0,0
ESTR DOS ALPES,2,0,0,0,0,2,0,0
ESTR DOS BARCELLOS,1,0,0,0,0,3,0,0
ESTR DOS BATILLANAS,0,0,0,0,0,2,0,0
ESTR FRANCISCA DE OLIVEIRA VIEIRA,2,0,0,0,0,3,0,0
ESTR GEDEON LEITE,10,1,0,0,0,11,0,0
ESTR JACQUES DA ROSA,1,0,0,0,0,1,0,0
ESTR JOAO ANTONIO SILVEIRA,53,6,0,1,1,66,0,0
ESTR JOAO DE OLIVEIRA REMIAO,90,6,3,2,5,114,2,2
ESTR JOAO PASSUELO,1,0,0,0,0,2,0,0
ESTR JOAO SALOMONI,21,0,0,0,0,24,0,0
ESTR JOAO VEDANA,5,0,0,0,0,8,0,0
ESTR JORGE PEREIRA NUNES,0,0,0,0,0,1,0,0
ESTR OCTAVIO FRASCA,4,1,0,0,0,2,0,0
ESTR OTAVIANO JOSE PINTO,13,0,0,0,0,9,0,0
ESTR RETIRO DA PONTA GROSSA,8,1,0,0,0,6,0,0
ESTR SAO CAETANO,3,0,0,0,0,2,0,0
ESTR SAO FRANCISCO,6,1,0,0,0,5,0,0
LG EDGAR KOETZ,0,0,0,0,0,1,0,0
LG VESPASIANO JULIO VEPPO,2,0,0,0,0,38,0,0
LG VISCONDE DO CAIRU,0,0,0,0,0,2,0,0
PCA ALBERTO RAMOS,0,0,0,0,0,2,0,0
PCA ARGENTINA,0,0,0,0,0,3,0,0
PCA COMENDADOR SOUZA GOMES,0,0,0,0,0,1,0,0
PCA CONDE DE PORTO ALEGRE,0,0,0,0,0,1,0,0
PCA CONEGO MARCELINO,0,0,0,0,0,1,0,0
PCA CORREA LIMA,0,0,0,0,0,1,0,0
PCA DA SAUDADE DR MANUEL MAY PEREIRA,0,0,0,0,0,1,0,0
PCA DO JAPAO,0,0,0,0,0,3,0,0
PCA DOM FELICIANO,1,0,0,0,0,10,0,0
PCA DOMINGOS FERNANDES DE SOUZA,0,0,0,0,0,1,0,0
PCA GARIBALDI,0,0,0,0,0,2,0,0
PCA GUIA LOPES,2,0,0,0,0,2,0,0
PCA INACIO ANTONIO DA SILVA,1,0,1,0,1,1,0,0
PCA JULIO DE CASTILHOS,0,0,0,0,0,2,0,0
PCA MARECHAL DEODORO,1,0,0,0,0,6,0,0
PCA MENINO DEUS,0,0,0,0,0,2,0,0
PCA MONTEVIDEO,0,0,0,0,0,3,0,0
PCA OSVALDO CRUZ,0,0,0,0,0,2,0,0
PCA OTAVIO ROCHA,1,0,0,0,0,2,0,0
PCA PARAGUASSU,0,0,0,0,0,1,0,0
PCA PAULO COELHO,1,0,0,0,0,2,0,0
PCA PEREIRA PAROBE,2,0,0,0,0,4,0,0
PCA PIRATINI,0,0,0,0,0,1,0,0
PCA PRINCESA ISABEL,1,0,0,0,0,5,0,0
PCA RAUL PILLA,0,0,0,0,0,1,0,0
PCA REVOLUCAO FARROUPILHA,0,0,0,0,0,5,0,0
PCA RUI BARBOSA,4,0,0,0,0,4,0,0
PCA SAN MARTIN,0,0,0,0,0,1,0,0
PCA SENADOR ALBERTO PASQUALINI,0,0,0,0,0,1,0,0
PSG TOMAZ EDISON-DELFINO RIET,0,0,0,0,0,1,0,0
R ABAETE,0,0,0,0,0,1,0,0
R ABRAM GOLDSZTEIN,0,0,0,0,0,1,0,0
R ACORES,1,0,0,0,0,7,0,0
R ADAO BAINO,7,0,0,0,0,5,0,0
R ADAO PINHEIRO DA SILVA,0,0,0,0,0,1,0,0
R AFFONSO CELSO PUPE DA SILVEIRA,0,0,0,0,0,1,0,0
R AFFONSO PAULO FEIJO,1,1,0,0,0,3,0,0
R AFONSO ALVARES,1,0,0,0,0,3,0,0
R AFONSO ARINOS,0,0,0,0,0,1,0,0
R AFONSO MOACIR CERIOLI,1,0,0,1,1,2,0,0
R AFONSO PENA,0,0,0,0,0,1,0,0
R AGUAS MORTAS,4,0,1,0,1,1,0,0
R ALARICO RIBEIRO,0,0,0,0,0,1,0,0
R ALBERTO SILVA,0,0,0,0,0,2,0,0
R ALBERTO TORRES,0,0,0,0,0,3,0,0
R ALBION,3,0,0,0,0,5,0,0
R ALCIDES DE OLIVEIRA GOMES,1,0,0,0,0,6,0,0
R ALCIDES PEREIRA BORBA,0,0,0,0,0,1,0,0
R ALCINDO GUANABARA,0,0,0,0,0,1,0,0
R ALEXANDRE SNEL,1,0,0,0,0,1,0,0
R ALFA,1,0,0,0,0,4,0,0
R ALFREDO FERREIRA RODRIGUES,0,0,0,0,0,1,0,0
R ALIANCA,1,0,0,0,0,1,0,0
R ALLAN KARDEC,1,0,0,0,0,1,0,0
R ALMIRANTE CAMARA,0,0,0,0,0,2,0,0
R ALMIRANTE DELAMARE,0,0,0,0,0,1,0,0
R ALMIRANTE TAMANDARE,0,0,0,0,0,3,0,0
R ALOISIO OLYMPIO DE MELLO,0,0,0,0,0,1,0,0
R ALVARES CABRAL,1,0,0,0,0,4,0,0
R ALVARES MACHADO,1,0,0,0,0,1,0,0
R ALVARO CHAVES,0,0,0,0,0,4,0,0
R AMAPA,1,0,0,0,0,5,0,0
R AMELIA TELES,0,0,0,0,0,4,0,0
R AMERICO VESPUCIO,1,0,0,0,0,18,0,0
R AMOROSO COSTA,0,0,0,0,0,2,0,0
R ANA AURORA DO AMARAL LISBOA,0,0,0,0,0,1,0,0
R ANA MARIA ZARDIN,1,0,0,0,0,1,0,0
R ANCHIETA,1,0,0,0,0,4,0,0
R ANDARAI,2,0,0,0,0,2,0,0
R ANDRE PUENTE,0,0,0,0,0,4,0,0
R ANGELO BARCELOS,1,0,0,0,0,2,0,0
R ANGELO CRIVELLARO,8,0,0,0,0,12,0,0
R ANITA GARIBALDI,15,1,0,0,0,46,0,0
R ANTENOR LEMOS,0,0,0,0,0,1,0,0
R ANTONIO CARLOS BERTA,1,0,0,0,0,9,0,0
R ANTONIO CARLOS GUIMARAES,0,0,0,0,0,2,0,0
R ANTONIO CARLOS LOPES,0,0,0,0,0,1,0,0
R ANTONIO DIVAN,0,0,0,0,0,3,0,0
R ANTONIO FRANCISCO LISBOA,0,0,0,0,0,1,0,0
R ANTONIO JOAQUIM MESQUITA,3,0,0,0,0,10,0,0
R ANTONIO JOSE DE SANTANA,2,0,0,0,0,2,0,0
R ANTONIO KLINGER FILHO,0,0,0,1,1,3,0,0
R ANTONIO NUNES VIEIRA,2,0,0,0,0,1,0,0
R ANTONIO PARREIRAS,0,0,0,0,0,1,0,0
R ANTONIO PELLIN,0,0,0,0,0,1,0,0
R ANTONIO PEREIRA JUNIOR,0,0,0,0,0,1,0,0
R ANTONIO RIBEIRO,0,0,0,0,0,1,0,0
R APARICIO MARIENSE,0,0,0,0,0,2,0,0
R ARABUTAN,2,2,0,0,0,6,0,0
R ARAPEI,2,0,0,0,0,5,0,0
R ARAPONGA,0,0,0,0,0,1,0,0
R ARARAS,0,0,0,0,0,1,0,0
R ARGENTINA FLORES DA ROSA,0,0,0,0,0,2,0,0
R ARI MARINHO,0,0,0,0,0,1,0,0
R ARIOVALDO ALVES PAZ,0,0,0,0,0,1,0,0
R ARISTIDES ROSA,1,0,0,0,0,1,0,0
R ARNALDO ANTONIO PORTALUPPI,1,1,0,0,0,1,0,0
R ARNALDO BORBA,0,0,0,0,0,1,0,0
R ARNO VONTOBEL,0,0,0,0,0,1,0,0
R ARROIO DO MEIO,1,0,0,0,0,1,0,0
R ARROIO TAQUARA,3,0,0,0,0,2,0,0
R ARTUR FABIAO CARNEIRO,0,0,0,0,0,1,0,0
R ARTUR ROCHA,0,0,0,0,0,1,0,0
R ASCENCAO,0,0,0,0,0,1,0,0
R ATANASIO BELMONTE,0,0,0,0,0,2,0,0
R ATILIO SUPERTTI,2,0,0,0,0,5,0,0
R AUGUSTO DE LOURENCO MARTINS,0,0,0,0,0,1,0,0
R AUGUSTO PORTO ALEGRE,0,0,0,0,0,1,0,0
R AUGUSTO SEVERO,0,0,0,0,0,1,0,0
R AURELIO PORTO,1,0,0,0,0,1,0,0
R AURELIO REIS,0,0,0,0,0,2,0,0
R AURORA,1,0,0,0,0,2,0,0
R AUXILIADORA,0,0,0,0,0,2,0,0
R AVAI,0,0,0,0,0,1,0,0
R AZEVEDO SODRE,0,0,0,0,0,3,0,0
R BADEN POWELL,0,0,0,0,0,1,0,0
R BALDOINO BOTTINI,0,0,0,0,0,1,0,0
R BALTIMORE,1,0,0,0,0,1,0,0
R BANCO INGLES,1,0,0,0,0,4,0,0
R BARAO DE BAGE,0,0,0,0,0,2,0,0
R BARAO DE ITAQUI,0,0,0,0,0,3,0,0
R BARAO DE SANTO ANGELO,0,0,0,0,0,5,0,0
R BARAO DE TEFFE,0,0,0,0,0,2,0,0
R BARAO DE UBA,2,0,0,0,0,3,0,0
R BARAO DO AMAZONAS,17,1,0,0,0,23,0,0
R BARAO DO CERRO LARGO,0,0,0,0,0,3,0,0
R BARAO DO COTEGIPE,0,0,0,0,0,6,0,0
R BARAO DO GRAVATAI,1,0,0,0,0,2,0,0
R BARAO DO GUAIBA,2,0,0,0,0,5,0,0
R BARAO DO TRIUNFO,1,0,0,0,0,1,0,0
R BARBEDO,3,0,0,0,0,6,0,0
R BARBOSA NETO,0,0,0,0,0,2,0,0
R BARCELONA,1,1,0,0,0,1,0,0
R BARONEZA DO GRAVATAI,1,0,0,0,0,3,0,0
R BATISTA XAVIER,1,0,0,0,0,2,0,0
R BATTISTINO ANELE,0,0,0,0,0,1,0,0
R BEBERIBE,1,0,0,0,0,1,0,0
R BEIRUTE,0,0,0,0,0,1,0,0
R BENTO FIGUEIREDO,0,0,0,0,0,1,0,0
R BERNARDINO CAETANO FRAGA,0,0,0,0,0,1,0,0
R BERNARDO PIRES,0,0,0,0,0,1,0,0
R BISCAIA,0,0,0,0,0,4,0,0
R BISPO WILLIAM THOMAS,0,0,0,0,0,1,0,0
R BOM JESUS,4,2,0,0,0,6,0,0
R BOM RETIRO DO SUL,1,0,0,0,0,1,0,0
R BORBA GATO-LOMBA DO PINHEIRO,0,0,0,0,0,1,0,0
R BORBOREMA,2,0,0,0,0,2,0,0
R BORGES DO CANTO,0,0,0,0,0,1,0,0
R BOTAFOGO,3,0,0,0,0,15,0,0
R BRAILLE,0,0,0,0,0,1,0,0
R BRITO PEIXOTO,0,0,0,0,0,1,0,0
R BUARQUE DE MACEDO,1,0,0,0,0,5,0,0
R BUENOS AIRES,0,0,0,0,0,1,0,0
R BUTUI,2,0,0,0,0,9,0,0
R CABRAL,5,0,0,0,0,19,0,0
R CAIRU,15,1,0,0,0,26,0,0
R CAIXA ECONOMICA,1,0,0,0,0,2,0,0
R CALDAS JUNIOR,0,0,0,0,0,2,0,0
R CALDRE E FIAO,2,0,0,0,0,3,0,0
R CAMAQUA,5,1,0,0,0,3,0,0
R CAMPOS SALES,0,0,0,0,0,4,0,0
R CANANEIA,1,0,0,0,0,1,0,0
R CANCIO GOMES,3,1,0,0,0,14,0,0
R CAPITAO ANDRE LAGO PARIS,1,0,0,0,0,3,0,0
R CAPITAO CARLOS LAMARCA,2,0,0,0,0,1,0,0
R CAPITAO MANOEL POZO BRAVO,0,0,0,0,0,1,0,0
R CAPITAO MONTANHA,0,0,0,0,0,2,0,0
R CAPITAO PEDRO WERLANG,3,1,0,0,0,4,0,0
R CAPITAO PEDROSO,2,0,0,0,0,2,0,0
R CAPITAO SALUSTIANO DE VARGAS,0,0,0,0,0,1,0,0
R CARAZINHO,2,0,0,0,0,6,0,0
R CARLOS CHAGAS,0,0,0,0,0,4,0,0
R CARLOS ESTEVAO,4,1,0,0,0,9,0,0
R CARLOS FERREIRA,0,0,0,0,0,1,0,0
R CARLOS GARDEL,0,0,0,0,0,1,0,0
R CARLOS HUBER,6,1,0,0,0,11,0,0
R CARLOS LACERDA,0,0,0,0,0,1,0,0
R CARLOS REVERBEL,0,0,0,0,0,1,0,0
R CARLOS SILVEIRA MARTINS PACHECO,0,0,0,0,0,1,0,0
R CARLOS TREIN FILHO,1,0,0,0,0,10,0,0
R CARLOS VON KOSERITZ,0,0,0,0,0,3,0,0
R CARMELITA GRIPPI,0,0,0,0,0,1,0,0
R CAROLINA,0,0,0,0,0,1,0,0
R CARUMBE,2,0,0,0,0,1,0,0
R CARVALHO MONTEIRO,1,0,0,0,0,2,0,0
R CASEMIRO DE ABREU,6,0,0,0,0,17,0,0
R CASSIO DE MEDEIROS,1,0,0,0,0,1,0,0
R CASTRO ALVES,3,0,0,0,0,20,0,0
R CATAMARCA,1,0,0,0,0,1,0,0
R CATARINA QUADROS,0,0,0,0,0,1,0,0
R CATARINO ANDREATTA,2,0,0,0,0,6,0,0
R CATUMBI,0,0,0,0,0,1,0,0
R CECILIA MEIRELES,0,0,0,0,0,6,0,0
R CEL ANDRE BELO,0,0,0,0,0,2,0,0
R CEL ANTENOR AMORIM,0,0,0,0,0,2,0,0
R CEL ARISTIDES,0,0,0,0,0,2,0,0
R CEL AURELIO BITENCOURT,0,0,0,0,0,1,0,0
R CEL BORDINI,4,0,1,0,1,9,0,0
R CEL CAMISAO,0,0,0,0,0,1,0,0
R CEL CLAUDINO,18,1,0,0,0,16,0,0
R CEL CORTE REAL,0,0,0,0,0,1,0,0
R CEL DICO DE BARROS,0,0,0,0,0,2,0,0
R CEL FEIJO,1,0,0,0,0,2,0,0
R CEL FERNANDO MACHADO,2,0,0,0,0,15,0,0
R CEL FRANCISCO BITENCOURT,0,0,0,0,0,1,0,0
R CEL FREDERICO CARLOS GOMES,0,0,0,0,0,1,0,0
R CEL GENUINO,0,0,0,0,0,5,0,0
R CEL HILARIO PEREIRA FORTES,1,1,0,0,0,1,0,0
R CEL JOAO CORREA,0,0,0,0,0,4,0,0
R CEL JOAO PACHECO DE FREITAS,1,0,0,0,0,2,0,0
R CEL JOAO PINTO,0,0,0,0,0,10,0,0
R CEL JOSE RODRIGUES SOBRAL,2,0,0,0,0,3,0,0
R CEL MASSOT,11,0,0,1,1,22,0,0
R CEL NEVES,6,1,0,0,0,9,0,0
R CEL VICENTE,3,0,0,0,0,9,0,0
R CESAR LOMBROSO,0,0,0,0,0,1,0,0
R CEZARIO LOPES DA SILVA,0,0,0,0,0,1,0,0
R CHAVES BARCELOS,1,0,0,0,0,4,0,0
R CHICO PEDRO,1,0,0,0,0,3,0,0
R CHICO XAVIER,2,0,0,0,0,1,0,0
R CHILE,1,0,0,0,0,2,0,0
R CIDADE DE NATAL,0,0,0,0,0,1,0,0
R CIPO,2,0,0,0,0,5,0,0
R CIRINO PRUNES,8,0,0,1,1,6,0,0
R CLAUDIO DA SILVA PINTO,3,0,0,0,0,2,0,0
R CLAUDIO MANOEL DA COSTA,0,0,0,0,0,1,0,0
R CLEMENTE PEREIRA,2,0,0,0,0,2,0,0
R COMANDANTE CALEFFI,0,0,0,0,0,1,0,0
R COMENDADOR ALVARO GUASPARI,0,0,0,0,0,1,0,0
R COMENDADOR AZEVEDO,0,0,0,0,0,2,0,0
R COMENDADOR CAMINHA,0,0,0,0,0,2,0,0
R COMENDADOR CASTRO,0,0,0,0,0,1,0,0
R COMENDADOR CORUJA,0,0,0,0,0,1,0,0
R COMENDADOR EDUARDO SECCO,2,0,0,0,0,2,0,0
R COMENDADOR MANOEL PEREIRA,3,0,0,0,0,6,0,0
R COMENDADOR RHEINGANTZ,4,0,0,0,0,8,0,0
R COMENDADOR RODOLFO GOMES,3,0,0,0,0,6,0,0
R COMENDADOR TAVARES,2,0,0,0,0,2,0,0
R CONDE DE PORTO ALEGRE,1,0,0,0,0,3,0,0
R CONEGO VIEIRA DA SOLEDADE,0,0,0,0,0,1,0,0
R CONQUISTA,0,0,0,0,0,1,0,0
R CONSELHEIRO BRUSQUE,0,0,0,0,0,1,0,0
R CONSELHEIRO D'AVILA,0,0,0,0,0,1,0,0
R CONSELHEIRO TRAVASSOS,0,0,0,0,0,1,0,0
R CONSTANTINO FERNANDO ONORATO BOTTIN,1,0,0,0,0,1,0,0
R CORCOVADO,2,0,0,0,0,21,0,0
R COROADOS,0,0,0,0,0,1,0,0
R CORREA DE MELO,2,0,0,0,0,2,0,0
R CORREA LIMA,14,0,0,0,0,9,0,0
R CORTICEIRA,0,0,0,0,0,1,0,0
R COSTA,0,0,0,0,0,4,0,0
R COSTA LIMA,2,0,0,0,0,2,0,0
R COSTA RICA,0,0,0,0,0,1,0,0
R CRISTOVAO PEREIRA,0,0,0,0,0,2,0,0
R CRUZ JOBIM,0,0,0,0,0,1,0,0
R CRUZEIRO DO SUL,7,0,0,0,0,11,0,0
R CURUPAITI,0,0,0,0,0,1,0,0
R DA CONCEICAO,12,0,0,0,0,34,0,0
R DA FE,1,1,0,0,0,1,0,0
R DA GRUTA,0,0,0,0,0,2,0,0
R DA REPRESA,1,0,0,0,0,1,0,0
R DA REPUBLICA,3,0,0,0,0,9,0,0
R DA VARZEA,1,0,0,0,0,5,0,0
R DAMASCO,0,0,0,0,0,2,0,0
R DARCY PEREIRA POZZI,2,0,0,0,0,1,0,0
R DARIO PEDERNEIRAS,3,0,0,0,0,3,0,0
R DARIO TOTTA,2,2,0,0,0,3,0,0
R DAS ARAUCARIAS,1,0,0,0,0,1,0,0
R DAS ESPATODEAS,1,0,0,0,0,1,0,0
R DEA COUFAL,4,1,0,0,0,9,0,0
R DELEGADO GRANT,0,0,0,0,0,1,0,0
R DELFINO RIET,0,0,0,0,0,1,0,0
R DEMETRIO RIBEIRO,8,1,0,0,0,15,0,0
R DEODORO,1,0,0,0,0,1,0,0
R DESEMBARGADOR ALVES NOGUEIRA,1,0,0,0,0,2,0,0
R DESEMBARGADOR AUGUSTO LOUREIRO LIMA,0,0,0,0,0,1,0,0
R DESEMBARGADOR ESPIRIDIAO L MEDEIROS,0,0,0,0,0,1,0,0
R DESEMBARGADOR HUGO CANDAL,0,0,0,0,0,1,0,0
R DEZENOVE DE FEVEREIRO,1,0,0,0,0,1,0,0
R DEZESSETE DE DEZEMBRO,0,0,0,0,0,1,0,0
R DEZESSETE DE JUNHO,1,0,0,0,0,2,0,0
R DEZIDERIO SEVERINO,1,0,0,0,0,1,0,0
R DEZOITO DE NOVEMBRO,1,0,0,0,0,16,0,0
R DIAMANTINA,0,0,0,0,0,1,0,0
R DIDIA JARDIM PINTO,1,0,0,1,1,3,0,0
R DINARTE RIBEIRO,0,0,0,0,0,2,0,0
R DO PARQUE,0,0,0,0,0,3,0,0
R DO SCHNEIDER,3,0,0,0,0,4,0,0
R DOIS MIL TRINTA SEIS,1,0,0,0,0,1,0,0
R DOLORES DURAN,6,0,0,0,0,7,0,0
R DOM BOSCO,1,0,0,0,0,2,0,0
R DOM DIOGO DE SOUZA,3,0,0,0,0,7,0,0
R DOM JOAO VI,1,0,0,0,0,2,0,0
R DOM LUIZ GUANELLA,3,0,0,0,0,8,0,0
R DOM PEDRO II,15,0,0,0,0,49,0,0
R DOM VITAL,1,0,0,0,0,1,0,0
R DOMENICO FEOLI,1,1,0,0,0,1,0,0
R DOMICIO DA GAMA,2,0,0,0,0,1,0,0
R DOMINGOS CRESCENCIO,1,0,0,0,0,7,0,0
R DOMINGOS DE ABREU,0,0,0,0,0,1,0,0
R DOMINGOS RUBBO,2,0,0,0,0,9,0,0
R DONA ADDA MASCARENHAS DE MORAES,5,0,0,0,0,14,0,0
R DONA ALZIRA,4,0,0,0,0,6,0,0
R DONA AUGUSTA,2,0,0,0,0,1,0,0
R DONA CECILIA,0,0,0,0,0,1,0,0
R DONA CRISTINA,3,0,0,0,0,3,0,0
R DONA EUGENIA,2,0,0,0,0,4,0,0
R DONA FIRMINA,1,0,0,0,0,5,0,0
R DONA IRIS,0,0,0,0,0,1,0,0
R DONA LAURA,2,0,0,0,0,13,0,0
R DONA LEONOR,0,0,0,0,0,6,0,0
R DONA LEOPOLDINA,0,0,0,0,0,1,0,0
R DONA MALVINA,5,1,0,0,0,5,0,0
R DONA MARGARIDA,8,0,0,0,0,62,0,0
R DONA MARIANA,2,0,0,0,0,2,0,0
R DONA OTILIA,4,0,0,0,0,4,0,0
R DONA SEBASTIANA,0,0,0,0,0,2,0,0
R DONA TEODORA,4,2,0,0,0,8,0,0
R DONA ZULMIRA,7,0,0,0,0,6,0,0
R DORIVAL CASTILHO MACHADO,2,0,0,0,0,2,0,0
R DORMENIO,1,0,0,0,0,1,0,0
R DOS ANDRADAS,4,0,0,0,0,12,0,0
R DOS CARIJOS,1,1,0,0,0,1,0,0
R DOS COQUEIROS,1,0,0,0,0,1,0,0
R DOS MAIAS,5,1,0,0,0,11,0,0
R DOZE DE OUTUBRO,0,0,0,0,0,1,0,0
R DR ALBERTO BARBOSA,1,0,0,0,0,1,0,0
R DR ALCIDES CRUZ,0,0,0,0,0,2,0,0
R DR ALTER CINTRA DE OLIVEIRA,0,0,0,0,0,1,0,0
R DR ANTONIO MAZZAFERRO NETO,2,0,0,0,0,3,0,0
R DR ARMANDO BARBEDO,1,0,0,0,0,4,0,0
R DR ARY RAMOS DE LIMA,0,0,0,0,0,4,0,0
R DR AURELIO PY,0,0,0,0,0,1,0,0
R DR BARCELOS,13,2,0,0,0,27,0,0
R DR BARROS CASSAL,1,0,0,0,0,4,0,0
R DR CAMPOS VELHO,19,3,0,0,0,41,0,0
R DR CARLOS FLORES,0,0,0,0,0,1,0,0
R DR CARLOS MARIA BINS,4,0,0,0,0,5,0,0
R DR CASTRO DE MENEZES,1,0,0,0,0,4,0,0
R DR DARIO DE BITTENCOURT,1,0,0,0,0,4,0,0
R DR DEOCLECIO PEREIRA,0,0,0,0,0,2,0,0
R DR EDUARDO CHARTIER,2,0,0,0,0,7,0,0
R DR EGYDIO MICHAELSEN,0,0,0,0,0,1,0,0
R DR ERNESTO LUDWIG,3,0,0,0,0,4,0,0
R DR FLORENCIO YGARTUA,2,0,0,0,0,4,0,0
R DR FLORES,6,0,0,0,0,11,0,0
R DR FREIRE ALEMAO,0,0,0,0,0,2,0,0
R DR GALDINO NUNES VIEIRA,0,0,0,0,0,1,0,0
R DR IVAN ROSPIDE,1,1,0,0,0,1,0,0
R DR JOAO DUTRA,0,0,0,0,0,1,0,0
R DR JOAO E F COSTA,0,0,0,0,0,1,0,0
R DR JOAO INACIO,2,0,0,0,0,19,0,0
R DR JOAO SATT,0,0,0,0,0,1,0,0
R DR JORGE FAYET,0,0,0,0,0,2,0,0
R DR JOSE BENTO CORREA,1,0,0,0,0,1,0,0
R DR LAURO DE OLIVEIRA,0,0,0,0,0,1,0,0
R DR LOSSIO,1,0,0,0,0,2,0,0
R DR LUIZ S FLORES,0,0,0,0,0,1,0,0
R DR MALHEIROS,0,0,0,0,0,3,0,0
R DR MANOEL JOSE LOPES FERNANDES,4,0,0,0,0,4,0,0
R DR MARIO TOTTA,10,0,0,0,0,19,0,0
R DR MURTINHO,3,1,0,0,0,7,0,0
R DR NEY CABRAL,1,0,0,0,0,3,0,0
R DR OTAVIO SANTOS,2,0,0,0,0,5,0,2
R DR PAULINO GUERRA,1,0,0,0,0,3,0,0
R DR PEDRO MOTTA,0,0,0,0,0,1,0,0
R DR PEREIRA DA CUNHA,0,0,0,0,0,1,0,0
R DR PEREIRA NETO,12,1,0,1,1,19,0,0
R DR POTY MEDEIROS,0,0,0,0,0,2,0,0
R DR PRUDENTE DE MORAES,1,0,0,0,0,2,0,0
R DR RAMIRO D'AVILA,0,0,0,0,0,1,0,0
R DR RAUL MOREIRA,1,0,0,0,0,2,0,0
R DR SALVADOR FRANCA,14,0,0,0,0,37,0,0
R DR SARMENTO BARATA,0,0,0,0,0,2,0,0
R DR SEBASTIAO LEAO,3,1,0,0,0,21,0,0
R DR TELMO VERGARA,0,0,0,0,0,1,0,0
R DR TIMOTEO,9,0,0,0,0,15,0,0
R DR VALE,2,0,0,0,0,7,0,0
R DR VARGAS NETO,6,1,0,0,0,5,0,0
R DR VICENTE DE PAULA DUTRA,0,0,0,0,0,1,0,0
R DR VOLTAIRE PIRES,0,0,0,0,0,1,0,0
R DRA RITA LOBATO,0,0,0,0,0,2,0,0
R DRA VERA GLUSMAN KNIJNIK,0,0,0,0,0,1,0,0
R DUQUE DE CAXIAS,7,1,0,0,0,30,0,0
R ECA DE QUEIROZ,0,0,0,0,0,1,0,0
R EDU CHAVES,14,0,0,0,0,48,0,0
R EDUARDO NADRUZ,3,0,0,0,0,3,0,0
R ELIZIO ABATE CRIVELLA,0,0,0,0,0,3,0,0
R EMANCIPACAO,0,0,0,0,0,1,0,0
R ENES BANDEIRA,0,0,0,0,0,9,0,0
R ENFERMEIRO VENTURA,1,0,0,0,0,2,0,0
R ENG AFONSO CAVALCANTI,0,0,0,0,0,2,0,0
R ENG ANTONIO CARLOS TIBIRICA,2,0,0,0,0,9,0,0
R ENG COELHO PARREIRA,0,0,0,0,0,2,0,0
R ENG FERNANDO MENDES RIBEIRO,1,0,0,0,0,2,0,0
R ENG HOMERO CARLOS SIMON,1,1,0,0,0,1,0,0
R ENG ILDEFONSO SIMOES LOPES,1,0,0,0,0,1,0,0
R ENG JOAO LUDERITZ,0,0,0,0,0,2,0,0
R ENG JOSE ANGELO BETTEGA CASSOL,1,0,0,0,0,1,0,0
R ENG LUIZ ENGLERT,2,0,0,0,0,17,0,0
R ENG OSCAR DE OLIVEIRA RAMOS,1,0,0,0,0,1,0,0
R ENG SADI CASTRO,0,0,0,0,0,5,0,0
R ENG TEIXEIRA SOARES,0,0,0,0,0,1,0,0
R ENG UBATUBA DE FARIA,0,0,0,0,0,1,0,0
R ENG VESPUCIO DE ABREU,0,0,0,0,0,1,0,0
R ENG WALTER BOEHL,1,0,0,0,0,3,0,0
R ENIO ANDRADE,0,0,0,0,0,1,0,0
R ERASTO ROXO DE ARAUJO CORREA,0,0,0,0,0,1,0,0
R ERECHIM,2,0,0,0,0,7,0,0
R ERNESTO ALVES,0,0,0,0,0,2,0,0
R ERNESTO ARAUJO,1,1,0,0,0,1,0,0
R ERNESTO FONTOURA,3,0,0,0,0,7,0,0
R ERNESTO PELLANDA,1,0,0,0,0,1,0,0
R ESPIRITO SANTO,0,0,0,0,0,2,0,0
R ESPLENDIDA,1,1,0,0,0,2,0,0
R ESTACIO PESSOA,0,0,0,0,0,1,0,0
R ESTEVAO CRUZ,0,0,0,0,0,1,0,0
R EUCLYDES DA CUNHA,2,0,0,0,0,3,0,0
R EUCLYDES MOURA,0,0,0,0,0,3,0,0
R EUDORO BERLINK,5,0,0,0,0,21,0,0
R EUGENIO RODRIGUES,1,0,0,0,0,1,0,0
R EURICO LARA,0,0,0,0,0,1,0,0
R EURIPEDES MONTEIRO DUARTE,0,0,0,0,0,1,0,0
R EUSTAQUIO INACIO DA SILVEIRA,2,0,0,0,0,2,0,0
R EVANGELISTA FRANCISCO DA SILVA,1,0,0,0,0,1,0,0
R EVARISTO DA VEIGA,0,0,0,0,0,2,0,0
R FABIO DE BARROS,0,0,0,0,0,1,0,0
R FARIA SANTOS,0,0,0,0,0,1,0,0
R FELIPE CAMARAO,3,0,0,0,0,10,0,0
R FELIPE DE OLIVEIRA,5,0,0,0,0,24,0,0
R FELIPE DOS PASSOS,0,0,0,0,0,1,0,0
R FELIPE NORONHA,0,0,0,0,0,1,0,0
R FELIX DA CUNHA,3,0,0,0,0,5,0,0
R FELIZARDO,4,0,0,0,0,13,0,0
R FELIZARDO FURTADO,0,0,0,0,0,2,0,0
R FERNANDES VIEIRA,2,0,0,0,0,10,0,0
R FERNANDO ABBOTT,0,0,0,0,0,4,0,0
R FERNANDO CORTEZ,0,0,0,0,0,1,0,0
R FERNANDO GOMES,0,0,0,0,0,1,0,0
R FERNANDO OSORIO,0,0,0,0,0,2,0,0
R FERNANDO PESSOA,0,0,0,0,0,1,0,0
R FERREIRA VIANA,0,0,0,0,0,1,0,0
R FIGUEIREDO MASCARENHAS,0,0,0,0,0,2,0,0
R FILIPINAS,0,0,0,0,0,1,0,0
R FLAVIO PAUL,0,0,0,0,0,1,0,0
R FLORINHA,3,0,0,0,0,8,0,0
R FRANCELICIO PORTO,2,0,0,0,0,1,0,0
R FRANCISCA PREZZI BOLOGNESI,2,0,0,0,0,3,0,0
R FRANCISCO BORTOLUZZI,0,0,0,0,0,1,0,0
R FRANCISCO PINTO DA FONTOURA,0,0,0,0,0,2,0,0
R FREDERICO KNIESTEDT,1,0,0,0,0,1,0,0
R FREDERICO MENTZ,10,2,1,0,1,11,0,0
R FREI CLEMENTE,1,0,0,0,0,1,0,0
R FREI GERMANO,1,0,0,0,0,4,0,0
R FREI HENRIQUE GOLLAND TRINDADE O F M,0,0,0,0,0,1,0,0
R FURRIEL LUIZ ANTONIO DE VARGAS,2,0,0,0,0,8,0,0
R G JARDIM PASSO DAS PEDRAS II,2,2,0,0,0,1,0,0
R GABRIEL FRANCO DA LUZ,1,0,0,0,0,1,0,0
R GANA,0,0,0,0,0,1,0,0
R GARIBALDI,3,0,0,0,0,21,0,0
R GASPAR DE LEMOS,1,0,0,0,0,2,0,0
R GASPAR MARTINS,1,0,0,0,0,3,0,0
R GASTON ENGLERT,0,0,0,0,0,1,0,0
R GAURAMA,0,0,0,0,0,2,0,0
R GEN BENTO MARTINS,1,0,0,0,0,8,0,0
R GEN CALDWELL,3,0,0,0,0,6,0,0
R GEN CAMARA,0,0,0,0,0,9,0,0
R GEN COUTO DE MAGALHAES,3,1,0,0,0,13,0,0
R GEN CYPRIANO FERREIRA,1,0,0,0,0,2,0,0
R GEN FRANCISCO DE PAULA CIDADE,2,0,0,0,0,3,0,0
R GEN JACINTO OSORIO,0,0,0,0,0,2,0,0
R GEN JOAO DE DEUS MARTINS,0,0,0,0,0,1,0,0
R GEN JOAO MANOEL,2,0,0,0,0,3,0,0
R GEN JOAO TELLES,0,0,0,0,0,1,0,0
R GEN JONATHAS BORGES FORTES,1,0,0,0,0,2,0,0
R GEN LIMA E SILVA,6,0,0,0,0,33,0,0
R GEN NETO,2,0,0,0,0,4,0,0
R GEN PARANHOS,2,0,0,0,0,2,0,0
R GEN PORTINHO,0,0,0,0,0,2,0,0
R GEN RONDON,1,0,0,0,0,4,0,0
R GEN SALVADOR PINHEIRO,1,1,0,0,0,2,0,0
R GEN TELINO CHAGASTELLES,1,0,0,0,0,1,0,0
R GEN VASCO ALVES,4,0,0,0,0,16,0,0
R GEN VITORINO,1,0,0,0,0,6,0,0
R GENOVA,1,0,0,0,0,1,0,0
R GENTIL AMANCIO CLEMENTE,1,0,0,0,0,1,0,0
R GERALDINA BATISTA,1,0,0,0,0,1,0,0
R GERALDO TOLLENS LINCK,0,0,0,0,0,1,0,0
R GERMANO HASSLOCHER,0,0,0,0,0,1,0,0
R GERMANO PETERSEN JUNIOR,1,0,0,0,0,1,0,0
R GERVAZIO BRAGA PINHEIRO,0,0,0,0,0,1,0,0
R GILBERTO LASTE,1,0,0,0,0,1,0,0
R GIOCONDA,0,0,0,0,0,1,0,0
R GIORDANO BRUNO,0,0,0,0,0,1,0,0
R GOIAS,3,1,0,0,0,1,0,0
R GOLDA MEIR,2,0,0,0,0,3,0,0
R GOMES DE FREITAS,2,0,0,0,0,10,0,0
R GOMES JARDIM,1,0,0,0,0,3,0,0
R GONCALVES DIAS,3,0,0,0,0,10,0,0
R GONCALVES LEDO,1,0,0,0,0,3,0,0
R GRAO PARA,0,0,0,0,0,1,0,0
R GREGORIO PEREZ,1,0,0,0,0,2,0,0
R GUADALAJARA,10,1,0,0,0,16,0,2
R GUATAMBU,0,0,0,0,0,1,0,0
R GUILHERME ALVES,7,1,0,0,0,9,0,0
R GUILHERME SCHELL,4,0,0,0,0,7,0,0
R GUINE,0,0,0,0,0,3,0,0
R GUTEMBERG,0,0,0,0,0,3,0,0
R HEITOR DE SOUZA,0,0,0,0,0,1,0,0
R HEITOR KRAMER,1,0,0,0,0,1,0,0
R HEITOR MANGANELLI,1,0,0,0,0,2,0,0
R HILARIO RIBEIRO,1,0,0,0,0,5,0,0
R HILMA KLEIN CARDOSO,1,1,0,0,0,1,0,0
R HIROSHIMA,0,0,0,0,0,1,0,0
R HOFFMANN,0,0,0,0,0,2,0,0
R HONORIO SILVEIRA DIAS,3,0,0,0,0,2,0,0
R HUGO HERRMANN FILHO,2,0,0,0,0,2,0,0
R HUGO RIBEIRO,0,0,0,0,0,1,0,0
R HUMBERTO DE CAMPOS,1,0,0,0,0,2,0,0
R IBICUI,0,0,0,0,0,7,0,0
R IBIRUBA,1,0,0,0,0,1,0,0
R IMPERADOR HIROITO,1,0,0,0,0,1,0,0
R INDIANA,0,0,0,0,0,2,0,0
R INHANDUI,3,1,0,0,0,2,0,0
R INTENDENTE ALFREDO AZEVEDO,16,1,0,0,0,15,0,0
R IRMA THERESINA WERNER,1,1,0,0,0,2,0,0
R IRMAO INOCENCIO LUIS,0,0,0,0,0,1,0,0
R IRMAO JOSE OTAO,2,0,0,0,0,14,0,0
R ITABORAI,2,0,0,0,0,8,0,0
R ITALO BRUTTO,1,0,0,0,0,1,0,0
R ITAPEVA,1,1,0,0,0,6,0,0
R ITAPITOCAI,1,0,0,0,0,2,0,0
R ITARARE,0,0,0,0,0,2,0,0
R ITIBERE DE MOURA,2,0,0,0,0,1,0,0
R JACINTO GOMES,1,0,0,0,0,2,0,0
R JACKSON DE FIGUEIREDO,0,0,0,0,0,1,0,0
R JACQUES YVES COSTEAU,2,0,0,0,0,1,0,0
R JAGUARI,1,0,0,0,0,2,0,0
R JAIME LINO DOS SANTOS FILHO,1,0,0,0,0,1,0,0
R JANUARIO SEVERINO,0,0,0,0,0,1,0,0
R JARAGUA,0,0,0,0,0,2,0,0
R JARDIM DAS ESTRELAS,1,0,0,0,0,1,0,0
R JARDIM VITORIA,1,1,0,0,0,1,0,0
R JARY,2,1,0,0,0,7,0,0
R JATAI,0,0,0,0,0,1,0,0
R JAYME TOLPOLAR,2,0,0,0,0,2,0,0
R JEROLOMO MINUZO,2,0,0,0,0,3,0,0
R JERONIMO COELHO,0,0,0,0,0,10,0,0
R JERUSALEM,0,0,0,0,0,2,0,0
R JOANA RIBEIRO RODRIGUES,0,0,0,1,1,1,0,0
R JOAO ABBOTT,1,0,0,0,0,3,0,0
R JOAO ALFREDO,4,0,0,0,0,15,0,0
R JOAO BASTIAN,0,0,0,0,0,1,0,0
R JOAO BRAVO DE ALMEIDA,3,1,0,0,0,2,0,0
R JOAO CAETANO,2,0,0,0,0,9,0,0
R JOAO CONRADO WOLF,0,0,0,0,0,1,0,0
R JOAO DALLEGRAVE,0,0,0,0,0,2,0,0
R JOAO DE CASTILHO,0,0,0,0,0,2,0,0
R JOAO DO COUTO,1,0,1,0,1,1,0,0
R JOAO DO RIO,1,0,0,0,0,4,0,0
R JOAO GUIMARAES,2,0,0,0,0,14,0,0
R JOAO MORA,4,0,0,0,0,5,0,0
R JOAO MOREIRA MACIEL,2,0,0,0,0,9,0,0
R JOAO NEVES DA FONTOURA,1,0,0,0,0,3,0,0
R JOAO PAETZEL,0,0,0,0,0,2,0,0
R JOAO PARIS,0,0,0,0,0,1,0,0
R JOAO ZANENGA,0,0,0,0,0,1,0,0
R JOAQUIM DE CARVALHO,3,0,0,0,0,6,0,0
R JOAQUIM NABUCO,2,0,0,0,0,9,0,0
R JOAQUIM SILVEIRA,6,0,1,0,1,18,0,0
R JOFFRE VERISSIMO,0,0,0,0,0,1,0,0
R JORGE FURTADO,1,0,0,0,0,1,0,0
R JORGE MELLO GUIMARAES,0,0,0,0,0,1,0,0
R JORGE VALMOR GONCALVES TEIXEIRA,1,0,0,0,0,2,0,0
R JOSE ALBANO VOLKMER,1,0,0,0,0,1,0,0
R JOSE ALVES DE CASTRO,1,0,0,0,0,1,0,0
R JOSE ANTONIO ARANHA,0,0,0,0,0,4,0,0
R JOSE CARLOS FERREIRA,0,0,0,0,0,1,0,0
R JOSE CELESTINO DA SILVA,0,0,0,0,0,1,0,0
R JOSE DA ROCHA ESPINDOLA,4,0,0,0,0,1,0,0
R JOSE DE ALENCAR,21,2,0,0,0,65,0,0
R JOSE DO PATROCINIO,14,0,0,0,0,25,0,0
R JOSE FERREIRA JARDIM,5,1,0,0,0,8,0,0
R JOSE HONORATO DOS SANTOS,0,0,0,0,0,1,0,0
R JOSE MADRID,3,0,2,0,2,3,0,0
R JOSE MONTAURY,0,0,0,0,0,2,0,0
R JOSE PEDRO BOESSIO,1,0,0,0,0,3,0,0
R JOSE PEREIRA DE BORBA,2,1,0,0,0,1,0,0
R JOSE SCUTARI,0,0,0,0,0,1,0,0
R JUAREZ AVILA,0,0,0,0,0,1,0,0
R JUAREZ TAVORA,1,0,0,0,0,1,0,0
R JULIO JOSE LOPES DA SILVA,1,0,0,0,0,1,0,0
R JULIO LOPES DOS SANTOS SOBRINHO,0,0,0,0,0,1,0,0
R JURUA,1,0,0,0,0,1,0,0
R LA PLATA,1,0,0,0,0,8,0,0
R LADISLAU NETO,1,0,0,0,0,1,0,0
R LANDEL DE MOURA,3,0,0,0,0,7,0,0
R LASAR SEGALL,0,0,0,0,0,1,0,0
R LAURINDO,0,0,0,0,0,3,0,0
R LAURO MULLER,2,0,0,0,0,5,0,0
R LEDO GUIMARAES MARIANTE,1,0,0,0,0,1,0,0
R LEOPOLDO BETTIOL,1,0,0,0,0,3,0,0
R LEOPOLDO BIER,0,0,0,0,0,1,0,0
R LEOPOLDO FROES,0,0,0,0,0,1,0,0
R LIBERAL,2,0,0,0,0,5,0,0
R LIBERDADE,3,1,0,0,0,4,0,0
R LIBERO BADARO,0,0,0,0,0,1,0,0
R LIBIA,1,0,0,0,0,3,0,0
R LIDER COMUNITARIO JOAO DA SILVA,0,0,0,0,0,1,0,0
R LILA RIPOLL,0,0,0,0,0,1,0,0
R LIVRAMENTO,1,0,0,0,0,1,0,0
R LOBO DA COSTA,1,0,0,0,0,3,0,0
R LOPES TEIXEIRA,0,0,0,0,0,2,0,0
R LOPO GONCALVES,0,0,0,0,0,1,0,0
R LOURENCO DE CASTRO,0,0,0,0,0,1,0,0
R LUIZ AFONSO,1,0,0,0,0,1,0,0
R LUIZ CAETANO ANTINOLFI,0,0,0,0,0,1,0,0
R LUIZ CARNIGLIA,0,0,0,0,0,1,0,0
R LUIZ CORREA DA SILVA,1,0,0,0,0,1,0,0
R LUIZ COSME,0,0,0,0,0,1,0,0
R LUIZ DE CAMOES,4,0,0,0,0,4,0,0
R LUIZ MENEZES,1,0,0,0,0,1,0,0
R LUIZ SIEGMANN,0,0,0,0,0,1,0,0
R LUIZ SO,0,0,0,0,0,2,0,0
R LUIZ VOELCKER,1,0,0,0,0,5,0,0
R LUZITANA,1,0,0,0,0,2,0,0
R MACHADO DE ASSIS,0,0,0,0,0,6,0,0
R MADRE ANA,0,0,0,0,0,1,0,0
R MAESTRO SALVADOR CAMPANELLA,0,0,0,0,0,1,0,0
R MAJOR PM ANTONIO POMPILIO DA FONSECA,3,1,0,0,0,5,0,0
R MALI,0,0,0,0,0,1,0,0
R MANDUCA RODRIGUES,0,0,0,0,0,1,0,0
R MANOEL BANDEIRA,0,0,0,0,0,4,0,0
R MANOEL VITORINO,0,0,0,0,0,3,0,0
R MANUEL XAVIER,1,1,0,0,0,1,0,0
R MARCELO GAMA,0,0,0,0,0,1,0,0
R MARCIANO RIBEIRO,0,0,0,0,0,1,0,0
R MARCILIO DIAS,3,0,0,0,0,12,0,0
R MARCIO DIAS,0,0,0,0,0,4,0,0
R MARCIRIO DA SILVA BARBOSA,1,0,0,0,0,1,0,0
R MARCO POLO,2,0,0,0,0,7,0,0
R MARCONE,2,0,0,0,0,3,0,0
R MARCOS MOREIRA,0,0,0,0,0,3,0,0
R MARECHAL FLORIANO PEIXOTO,3,0,0,0,0,9,0,0
R MARECHAL HERMES,1,0,0,0,0,2,0,0
R MARECHAL JOSE INACIO DA SILVA,5,0,0,0,0,6,0,2
R MARECHAL MALLET,0,0,0,0,0,1,0,0
R MARECHAL MESQUITA,5,1,0,0,0,4,0,0
R MARIA JOSE ALBERTON SILVA,1,0,0,0,0,1,0,0
R MARIA MONTESSORI,0,0,0,0,0,1,0,0
R MARIANO DE MATOS,2,0,0,0,0,5,0,0
R MARIANTE,10,1,1,0,1,38,0,0
R MARINHEIROS,0,0,0,0,0,1,0,0
R MARIO DE ARTAGAO,0,0,0,0,0,2,0,0
R MARIO LEITAO,0,0,0,0,0,1,0,0
R MARISTA,1,0,0,0,0,2,0,0
R MARQUES DO HERVAL,0,0,0,0,0,6,0,0
R MARQUES DO MARICA,1,0,0,0,0,1,0,0
R MARQUES DO POMBAL,3,1,0,0,0,18,0,0
R MARQUES REBELO,1,0,0,0,0,1,0,0
R MARQUEZ DE OLINDA,0,0,0,0,0,1,0,0
R MARTINS DE LIMA,3,0,0,0,0,2,0,0
R MATA BACELAR,1,0,0,0,0,4,0,0
R MATA COELHO,1,1,0,0,0,1,0,0
R MATIAS JOSE BINS,2,2,0,0,0,2,0,0
R MAURO GUEDES DE OLIVEIRA,0,0,0,0,0,1,0,0
R MIGUEL COUTO,2,0,0,0,0,6,0,0
R MIGUEL TOSTES,3,0,0,0,0,10,0,0
R MILTON SALES SILVEIRA,1,0,0,0,0,1,0,0
R MINISTRO OLIVEIRA LIMA,1,0,0,0,0,1,0,0
R MIOSOTIS,0,0,0,0,0,1,0,0
R MONSENHOR VERAS,3,0,0,0,0,7,0,0
R MONTEIRO LOBATO,1,0,0,0,0,2,0,0
R MORANO CALABRO,0,0,0,0,0,1,0,0
R MOREIRA DA SILVA,1,0,0,0,0,3,0,0
R MORRETES,1,1,0,0,0,4,0,0
R MOSTARDEIRO,9,0,0,0,0,57,0,0
R MOURA AZEVEDO,0,0,0,0,0,2,0,0
R MOYSES ANTUNES DA CUNHA,0,0,0,0,0,1,0,0
R MUCIO TEIXEIRA,8,0,0,0,0,16,0,0
R MURA,0,0,0,0,0,2,0,0
R NAZARETH,0,0,0,0,0,1,0,0
R NELSON DUARTE BROCHADO,0,0,0,0,0,1,0,0
R NELSON ZANG,6,0,0,0,0,7,0,0
R NEVES,0,0,0,0,0,1,0,0
R NEY DA GAMA AHRENDS,0,0,0,0,0,1,0,0
R NICANOR LUZ,0,0,0,0,0,1,0,0
R NOSSA SENHORA DAS GRACAS,0,0,0,0,0,1,0,0
R NOSSA SENHORA DO BRASIL-SANTA TERESA,1,0,0,0,0,1,0,0
R NOVA PRATA,0,0,0,0,0,1,0,0
R NOVE DE JUNHO,9,1,1,0,1,10,0,0
R NOVE JARDIM PROTASIO ALVES,1,0,0,0,0,1,0,0
R NOVO HAMBURGO,0,0,0,0,0,1,0,0
R NUNES,0,0,0,0,0,5,0,0
R OCTACILIO GONCALVES DA SILVA FILHO,0,0,0,0,0,1,0,0
R OCTAVIO CORREA,0,0,0,0,0,1,0,0
R OCTAVIO DE SOUZA,2,0,0,0,0,2,0,0
R OLAVO BARRETO VIANA,1,0,0,0,0,4,0,0
R OLAVO BILAC,1,0,0,0,0,7,0,0
R OLINDA,0,0,0,0,0,3,0,0
R OLIVEIRA LOPES,1,0,0,0,0,3,0,0
R ONIVA DE MOURA BRIZOLA,0,0,0,0,0,1,0,0
R ONOFRE PIRES,0,0,0,0,0,2,0,0
R ONZE DE AGOSTO,0,0,0,0,0,1,0,0
R ORFANOTROFIO,14,2,0,1,1,22,0,0
R ORQUIDEA,1,0,0,0,0,1,0,0
R OSCAR ALLEM,0,0,0,0,0,1,0,0
R OSCAR SCHNEIDER,3,0,0,0,0,6,0,0
R OSWALDO PEREIRA DE FREITAS,0,0,0,0,0,1,0,0
R OTAVIO DUTRA,0,0,0,0,0,4,0,0
R OTELO ROSA,0,0,0,0,0,2,0,0
R OTTO ERNST MEYER,0,0,0,0,0,1,0,0
R OURO PRETO,0,0,0,0,0,4,0,0
R PADRE ANGELO CORSO,0,0,0,0,0,1,0,0
R PADRE ANTONIO VIEIRA,1,0,0,0,0,1,0,0
R PADRE BLASIO VOGEL,1,0,0,0,0,1,0,0
R PADRE CHAGAS,1,0,0,0,0,15,0,0
R PADRE DIOGO FEIJO,1,0,0,0,0,9,0,0
R PADRE HILDEBRANDO,0,0,0,0,0,2,0,0
R PADRE JOAO BATISTA REUS,4,0,0,0,0,15,0,0
R PADRE MAXIMILIANO KOLBE,0,0,0,0,0,2,0,0
R PADRE PEDRO LEONARDI,1,0,0,0,0,1,0,0
R PADRE ROBERTO LANDELL DE MOURA,0,0,0,0,0,1,0,0
R PADRE TODESCO,3,0,1,0,1,6,0,0
R PANAMA,2,0,0,0,0,1,0,0
R PARAGUAI,1,0,0,0,0,2,0,0
R PARAIBA,0,0,0,0,0,1,0,0
R PARECI,1,0,0,0,0,1,0,0
R PASSO DA PATRIA,3,0,0,0,0,8,0,0
R PASSOS FIGUEIROA,0,0,0,0,0,1,0,0
R PASTEUR,1,1,0,0,0,1,0,0
R PAUL HARRIS,5,1,0,0,0,9,0,2
R PAULINO AZURENHA,9,1,0,0,0,9,0,0
R PAULINO CHAVES,0,0,0,0,0,2,0,0
R PAULO MADUREIRA COELHO,0,0,0,0,0,1,0,0
R PEDRO AMERICO,0,0,0,0,0,1,0,0
R PEDRO BOTICARIO,8,0,0,0,0,10,0,0
R PEDRO CHAVES BARCELOS,1,0,0,0,0,3,0,0
R PEDRO IVO,4,0,0,0,0,20,0,0
R PEDRO LESSA,0,0,0,0,0,1,0,0
R PEDRO MOACYR,0,0,0,0,0,1,0,0
R PEDRO PIERETTI,0,0,0,0,0,2,0,0
R PEDRO RAIMUNDO,1,0,0,0,0,1,0,0
R PEDRO VELHO,1,0,0,0,0,6,0,0
R PEDRO WAINE,0,0,0,0,0,1,0,0
R PEDRO WEINGARTNER,0,0,0,0,0,1,0,0
R PEREIRA FRANCO,2,1,0,0,0,6,0,0
R PEREIRA PINTO,0,0,0,0,0,1,0,0
R PERI MACHADO,1,0,0,0,0,6,0,0
R PERI MELO,0,0,0,0,0,1,0,0
R PERO LOBO PINHEIRO,1,0,0,0,0,5,0,0
R PERO VAZ DE CAMINHA,0,0,0,0,0,1,0,0
R PERPETUA TELES,0,0,0,0,0,2,0,0
R PIAUI,1,0,0,0,0,2,0,0
R PINTO BANDEIRA,2,0,0,0,0,8,0,0
R PIO X,1,1,0,0,0,1,0,0
R PIRATININGA,1,0,0,0,0,1,0,0
R PISTOIA,0,0,0,0,0,1,0,0
R PLACIDO DE CASTRO,0,0,0,0,0,6,0,0
R PODALIRIO TEIXEIRA MACHADO,2,0,0,0,0,1,0,0
R PORTO CALVO,0,0,0,0,0,1,0,0
R PRESIDENTE JUAREZ,1,0,0,0,0,3,0,0
R PRIMEIRO DE MARCO,3,0,0,0,0,6,0,0
R PRIMEIRO DE SETEMBRO,1,0,0,0,0,1,0,0
R PRISMA,2,0,0,0,0,2,0,0
R PROF ABILIO AZAMBUJA,0,0,0,0,0,3,0,0
R PROF ALVARO ALVIM,0,0,0,0,0,4,0,0
R PROF ANNES DIAS,1,0,0,0,0,7,0,0
R PROF ASLID GICK,1,0,0,0,0,1,0,0
R PROF AUGUSTO OSVALDO THIESEN,2,0,0,0,0,1,0,0
R PROF CARVALHO FREITAS,7,0,0,0,0,9,0,0
R PROF CECY CORDEIRO THOFEHRN,0,0,0,0,0,2,0,0
R PROF CLEMENTE PINTO,7,0,0,0,0,8,0,0
R PROF CRISTIANO FISCHER,12,1,0,0,0,31,0,0
R PROF EMILIO KEMP,1,0,0,0,0,2,0,0
R PROF FREITAS E CASTRO,0,0,0,0,0,4,0,0
R PROF GUERREIRO LIMA,0,0,0,0,0,1,0,0
R PROF IVO CORSEUIL,1,1,0,0,0,2,0,0
R PROF JOAO DE SOUZA RIBEIRO,0,0,0,0,0,1,0,0
R PROF JOAQUIM FELIZARDO,0,0,0,0,0,1,0,0
R PROF LEOPOLDO TIETBOHL,0,0,0,0,0,1,0,0
R PROF MANOEL LOBATO,3,1,0,0,0,7,0,0
R PROF PEDRO SANTA HELENA,4,0,0,0,0,6,0,0
R PROF SARMENTO BARATA,5,0,0,0,0,11,0,0
R PROF ULISSES CABRAL,2,0,0,0,0,4,0,0
R PROF ZILAH TOTTA,2,0,0,0,0,3,0,0
R PROGRESSO,1,0,0,0,0,1,0,0
R QUATORZE DE JULHO,0,0,0,0,0,5,0,0
R QUATRO DE OUTUBRO,0,0,0,0,0,1,0,0
R QUINTINO BANDEIRA,0,0,0,0,0,1,0,0
R QUINTINO BOCAIUVA,4,0,0,0,0,18,0,0
R RAFAEL SAADI,0,0,0,0,0,1,0,0
R RAMALHETE,0,0,0,0,0,2,0,0
R RAMIRO BARCELOS,16,0,1,0,1,91,0,0
R RAUL SILVA GUDOLLE,0,0,0,0,0,1,0,0
R REGENTE,0,0,0,0,0,3,0,0
R REV DANIEL BETTS,0,0,0,0,0,1,0,0
R RIACHUELO,8,0,0,0,0,19,0,0
R RINCAO,0,0,0,0,0,1,0,0
R RIO GRANDE,4,0,0,0,0,3,0,0
R RIO PARDO,0,0,0,0,0,1,0,0
R RODRIGUES DA COSTA,0,0,0,0,0,1,0,0
R RODRIGUES MOREIRA,0,0,0,0,0,1,0,0
R ROQUE CALAGE,0,0,0,0,0,2,0,0
R RUDI SCHALY,0,0,0,0,0,1,0,0
R SACADURA CABRAL,0,0,0,0,0,2,0,0
R SAICA,0,0,0,0,0,1,0,0
R SALDANHA DA GAMA,8,1,0,0,0,13,0,0
R SALDANHA MARINHO,0,0,0,0,0,2,0,0
R SAMPAULO,0,0,0,0,0,1,0,0
R SAN MARINO,0,0,0,0,0,1,0,0
R SANTA CATARINA,1,0,0,0,0,3,0,0
R SANTA CECILIA,0,0,0,0,0,1,0,0
R SANTA FLORA,0,0,0,0,0,3,0,0
R SANTA IZABEL,3,0,0,0,0,6,0,0
R SANTA MARIA,0,0,0,0,0,1,0,0
R SANTA RITA,0,0,0,0,0,4,0,0
R SANTA ROSA DE LIMA,1,0,0,0,0,1,0,0
R SANTA TERESA VL SAO JOSE COMUNITARIA,2,0,0,0,0,2,0,0
R SANTA TEREZINHA,0,0,0,0,0,2,0,0
R SANTANA,19,0,0,0,0,33,0,0
R SANTIAGO DANTAS,0,0,0,0,0,1,0,0
R SANTO ALFREDO,0,0,0,0,0,1,0,0
R SANTO ANTONIO,2,1,0,0,0,10,0,0
R SANTO INACIO,0,0,0,0,0,2,0,0
R SANTOS DUMONT,2,1,0,0,0,11,0,0
R SANTOS PEDROSO,1,1,0,0,0,9,0,0
R SAO BENEDITO,3,0,0,0,0,3,0,0
R SAO CARLOS,1,0,0,0,0,3,0,0
R SAO FELIPE,1,0,0,0,0,2,0,0
R SAO FRANCISCO DE ASSIS,0,0,0,0,0,1,0,0
R SAO GABRIEL,0,0,0,0,0,2,0,0
R SAO GUILHERME,4,0,0,0,0,5,0,0
R SAO JORGE-CEL APARICIO BORGES,1,1,0,0,0,1,0,0
R SAO JOSE LOT PROTASIO ALVES,1,0,0,0,0,1,0,0
R SAO JOSEMARIA ESCRIVA,1,0,0,0,0,5,0,0
R SAO LEOPOLDO,0,0,0,0,0,1,0,0
R SAO LUIZ,12,1,0,0,0,15,0,0
R SAO MANOEL,2,1,0,0,0,6,0,0
R SAO MARCOS,1,0,0,0,0,2,0,0
R SAO MATEUS,4,0,0,0,0,5,0,0
R SAO MIGUEL,0,0,0,0,0,1,0,0
R SAO NICOLAU,3,0,0,0,0,7,0,0
R SAO PAULO-LOMBA DO PINHEIRO,1,0,0,0,0,1,0,0
R SAO PEDRO-LOMBA DO PINHEIRO,2,1,0,0,0,2,0,0
R SAO SALVADOR,0,0,0,0,0,5,0,0
R SAO SIMAO,0,0,0,0,0,2,0,0
R SAO VICENTE,1,0,0,0,0,4,0,0
R SAO VICENTE DE PAULA,1,0,0,0,0,2,0,0
R SAPE,2,0,0,0,0,6,0,0
R SARAPUI,0,0,0,0,0,2,0,0
R SARGENTO MANOEL DA SILVA,1,0,0,0,0,1,0,0
R SARGENTO NICOLAU DIAS DE FARIAS,4,0,0,0,0,2,0,0
R SARGENTO SILVIO DELMAR HOLLENBACH,0,0,0,0,0,1,0,0
R SARMENTO LEITE,6,0,0,0,0,42,0,0
R SEBASTIAO BARRETO,1,0,0,0,0,2,0,0
R SEBASTIAO DO NASCIMENTO,1,0,0,0,0,1,0,0
R SEBASTIAO WOLF,1,0,0,0,0,1,0,0
R SEIS DE NOVEMBRO,5,0,0,0,0,8,0,0
R SENHOR DO BOM FIM,4,2,0,0,0,11,0,0
R SENHOR DOS PASSOS,0,0,0,0,0,2,0,0
R SEPE TIARAJU,7,0,0,0,0,6,0,0
R SERAFIM ALENCASTRO,1,0,0,0,0,2,0,0
R SERAFIM DE MORAES MARTINS,1,0,0,0,0,2,0,0
R SERGIO JUNGBLUT DIETERICH,3,1,0,0,0,3,0,0
R SERRO AZUL,3,0,0,0,0,4,0,0
R SETE DE ABRIL,1,0,0,0,0,2,0,0
R SETE DE SETEMBRO,4,1,0,0,0,20,0,0
R SEZEFREDO IGNACIO DE OLIVEIRA,0,0,0,0,0,1,0,0
R SILVA JARDIM,4,0,0,0,0,8,0,0
R SILVA SO,3,0,0,0,0,12,2,0
R SILVEIRO,8,2,0,0,0,11,0,0
R SILVERIO SOUTO,0,0,0,0,0,1,0,0
R SILVESTRE FELIX RODRIGUES,3,2,0,0,0,3,0,0
R SILVINO OLIVEIRA,0,0,0,0,0,1,0,0
R SILVIO SILVEIRA SOARES,1,0,0,0,0,2,0,0
R SIMONE,1,0,0,0,0,1,0,0
R SINIMBU,0,0,0,0,0,2,0,0
R SINKE,1,0,0,0,0,2,0,0
R SIQUEIRA CAMPOS,9,1,0,0,0,38,0,0
R SOFIA VELOSO,0,0,0,0,0,2,0,0
R SOMALIA,1,0,0,0,0,1,0,0
R SOUZA LOBO,0,0,0,0,0,2,0,0
R SOUZA REIS,9,0,0,0,0,12,0,0
R SURUPA,0,0,0,0,0,1,0,0
R SYLVIO SANSON,0,0,0,0,0,1,0,0
R TAIM,0,0,0,0,0,1,0,0
R TAMANDARE,5,0,0,0,0,8,0,0
R TANAUI DA SILVA BOEIRA,0,0,0,0,0,1,0,0
R TAQUARY,0,0,0,0,0,6,0,0
R TARCILA MORAES DUTRA,0,0,0,0,0,2,0,0
R TAVARES,2,0,0,0,0,1,0,0
R TAVEIRA JUNIOR,0,0,0,0,0,1,0,0
R TEN ALPOIM,6,1,0,0,0,10,0,0
R TEN ARIZOLY FAGUNDES,1,0,0,0,0,1,0,0
R TEN ARY TARRAGO,20,1,0,0,0,34,0,0
R TEN ARY TARRAGO PARTENON,2,1,0,0,0,4,0,2
R TEN CEL FABRICIO PILAR,4,0,0,0,0,17,0,0
R THOMAZ FRANCISCO DE JESUS,0,0,0,1,1,1,0,0
R TIRADENTES,4,0,0,0,0,10,0,0
R TITO CHAVES,0,0,0,0,0,1,0,0
R TITO LIVIO ZAMBECARI,0,0,0,0,0,13,0,0
R TOBIAS DA SILVA,2,0,0,0,0,4,0,0
R TOMAZ FLORES,1,0,0,0,0,6,0,0
R TOMAZ GONZAGA,0,0,0,0,0,4,0,0
R TOME ANTONIO DE SOUZA,0,0,0,0,0,1,0,0
R TRES DE MAIO,0,0,0,0,0,1,0,0
R TRUJILO,0,0,0,0,0,1,0,0
R TUNEL VERDE,1,1,0,0,0,1,0,0
R TUNISIA,0,0,0,0,0,1,0,0
R TVS,1,0,0,0,0,1,0,0
R UMBU,3,0,0,0,0,9,0,0
R UNIVERSAL,1,0,0,0,0,1,0,0
R UPAMAROTI,1,0,0,0,0,1,0,0
R URUGUAI,1,0,0,0,0,7,0,0
R URUGUAIANA,0,0,0,0,0,1,0,0
R VALDIR ANTONIO LOPES,0,0,0,0,0,2,0,0
R VALPARAISO,0,0,0,0,0,7,0,0
R VALTER DE AZEREDO,1,0,0,0,0,1,0,0
R VASCO DA GAMA,1,0,0,0,0,9,0,0
R VEADOR PORTO,1,0,0,0,0,4,0,0
R VENEZA,0,0,0,0,0,1,0,0
R VERA CRUZ,1,0,0,0,0,1,0,0
R VERANOPOLIS,1,0,0,0,0,1,0,0
R VERISSIMO ROSA,0,0,0,0,0,1,0,0
R VICENTE CELESTINO,0,0,0,0,0,1,0,0
R VICENTE DA FONTOURA,14,1,0,0,0,56,0,0
R VICENTE FAILACE,1,0,0,0,0,2,0,0
R VICENTE FERREIRA GOMES,1,0,0,0,0,1,0,0
R VIDAL DE NEGREIROS,1,0,0,0,0,1,0,0
R VIEIRA DA CUNHA,0,0,0,0,0,1,0,0
R VIEIRA DA SILVA,1,0,0,0,0,1,0,0
R VIEIRA DE CASTRO,0,0,0,0,0,2,0,0
R VIGARIO JOSE IGNACIO,3,0,0,0,0,5,0,0
R VILELA TAVARES,1,0,0,0,0,1,0,0
R VINTE CINCO DE FEVEREIRO,2,0,0,0,0,30,0,0
R VINTE CINCO DE JULHO,2,0,0,0,0,8,0,0
R VINTE QUATRO DE MAIO,0,0,0,0,0,1,0,0
R VINTE QUATRO DE OUTUBRO,19,0,0,0,0,74,0,0
R VINTE SEIS DE ABRIL,0,0,0,0,0,2,0,0
R VINTE SEIS DE MARCO,2,0,0,0,0,4,0,0
R VISCONDE DE MACAE,3,0,0,0,0,8,0,0
R VISCONDE DE PELOTAS,1,1,0,0,0,3,0,0
R VISCONDE DO HERVAL,2,0,0,0,0,4,0,0
R VISCONDE DO RIO GRANDE,0,0,0,0,0,1,0,0
R VITORIO FRANCISCO GIORDANI,2,0,0,0,0,2,0,0
R VLADIMIR HERZOG,1,0,0,0,0,1,0,0
R VOLUNTARIOS DA PATRIA,59,3,0,2,2,145,0,2
R WALDOMIRO SOUZA,1,0,0,0,0,1,0,0
R WALIR ZOTTIS,0,0,0,0,0,1,0,0
R WASHINGTON LUIZ,1,0,0,0,0,13,0,0
R WILSON LUIZ DE ALMEIDA,0,0,0,0,0,1,0,0
R WOLFRAM METZLER,4,0,0,0,0,6,0,0
R XAVIER DA CUNHA,1,0,0,0,0,2,0,0
R XAVIER DE CARVALHO,0,0,0,0,0,1,0,0
R ZEEV JABOTINSKI,1,0,0,0,0,1,0,0
R ZEFERINO DIAS,2,0,0,0,0,10,0,0
R ZUZU ANGEL,3,0,0,0,0,2,0,0
TRAV AFONSO MABILDE,0,0,0,0,0,1,0,0
TRAV AMERICO SILVEIRA,0,0,0,0,0,1,0,0
TRAV AZEVEDO,2,0,0,0,0,6,0,0
TRAV BORGES FORTES,0,0,0,0,0,2,0,0
TRAV CAMERUM,0,0,0,0,0,1,0,0
TRAV CEL ANTONIO CARNEIRO PINTO,0,0,0,0,0,1,0,0
TRAV CEL REGO,3,2,0,0,0,2,0,0
TRAV CHATEAUBRIAND,0,0,0,0,0,1,0,0
TRAV DO CARMO,0,0,0,0,0,1,0,0
TRAV DOS BANDEIRANTES,0,0,0,0,0,1,0,0
TRAV DR HEINZELMANN,0,0,0,0,0,1,0,0
TRAV ESCOBAR,2,0,0,0,0,2,0,0
TRAV FRANCISCO DE LEONARDO TRUDA,1,0,0,0,0,3,0,0
TRAV GERMANO GARCIA,0,0,0,0,0,2,0,0
TRAV GUEDES DA LUZ,0,0,0,0,0,1,0,0
TRAV HELENA SPEROTTO,1,0,0,0,0,3,0,0
TRAV HILDEBRANDO,0,0,0,0,0,1,0,0
TRAV JAGUARAO,1,0,0,0,0,1,0,0
TRAV JOSE CARLOS DIAS DE OLIVEIRA,0,0,0,0,0,2,0,0
TRAV JUNDIAI,0,0,0,0,0,1,0,0
TRAV MARECHAL BORMANN,0,0,0,0,0,3,0,0
TRAV OLIMPIO DE OLIVEIRA PACHECO,0,0,0,0,0,1,0,0
TRAV ORION,0,0,0,0,0,1,0,0
TRAV PESQUEIRO,1,1,0,0,0,2,0,0
TRAV PROF EMETERIO GARCIA FERNANDEZ,0,0,0,0,0,4,0,0
TRAV RUPERTI,0,0,0,0,0,1,0,0
TRAV SAO JACO,1,0,0,0,0,1,0,0
TRAV SAO JOAO,0,0,0,0,0,1,0,0
TRAV SAO JOSE,3,0,0,0,0,1,0,0
TRAV TRES IRMAOS,0,0,0,0,0,1,0,0
TRAV UNIDOS,0,0,0,0,0,1,0,0
TRAV VIAMAO,3,0,0,0,0,3,0,0
TREV CARRION JUNIOR,0,0,0,0,0,2,0,0
TUN NS DA CONCEICAO-AC AV ALBERTO  BINS,0,0,0,0,0,1,0,0
TUN NS DA CONCEICAO-ELEVADAS,1,0,0,0,0,11,0,0
TUN NS DA CONCEICAO-GALERIA INFERIOR,0,0,0,0,0,3,0,0
TUN NS DA CONCEICAO-PLAY GROUND,0,0,0,0,0,3,0,0
TUN NS DA CONCEICAO-RETORNO,0,0,0,0,0,1,0,0
VA OITO CEFER DOIS,1,0,0,0,0,1,0,0
VDT DOM PEDRO I,1,0,0,0,0,5,0,0
VDT IMPERATRIZ LEOPOLDINA,0,0,0,0,0,6,0,0
VDT JOSE EDUARDO UTZIG,0,0,0,0,0,2,0,0
VDT LEONEL BRIZOLA,0,0,0,0,0,2,0,0
VDT SAO JORGE,0,0,0,0,0,1,0,0
