id,situacao,nome,geojson,acidentes_10m,acidentes_20m,acidentes_50m,acidentes_100m,acidentes_200m
1,CONCLUIDO,JOAO PESSOA,"{""type"":""MultiLineString"",""coordinates"":[[[-51.2121326715977,-30.0466857150502],[-51.2118077731111,-30.0471090845852]]]}",0,0,0,1,2
2,CONCLUIDO,JOAO ANTONIO SILVEIRA,"{""type"":""MultiLineString"",""coordinates"":[[[-51.1326572387124,-30.1500155448541],[-51.1323783554948,-30.1496978508182]]]}",0,0,0,0,1
3,CONCLUIDO,JOAO ANTONIO SILVEIRA,"{""type"":""MultiLineString"",""coordinates"":[[[-51.1455431237269,-30.1580223122869],[-51.144741129624,-30.1572711090093]]]}",0,0,0,0,0
4,CONCLUIDO,JOAO ANTONIO SILVEIRA,"{""type"":""MultiLineString"",""coordinates"":[[[-51.1316173608758,-30.1483083177818],[-51.1313893238022,-30.1479262983344]]]}",0,0,0,1,1
5,CONCLUIDO,JOAO ANTONIO SILVEIRA,"{""type"":""MultiLineString"",""coordinates"":[[[-51.1328443191824,-30.1502036604912],[-51.1326572387124,-30.1500155448541]]]}",0,0,0,0,1
6,CONCLUIDO,JOAO ANTONIO SILVEIRA,"{""type"":""MultiLineString"",""coordinates"":[[[-51.133504337561,-30.1508930654671],[-51.1331012364303,-30.1504661247576]]]}",0,0,0,0,0
7,CONCLUIDO,JOAO ANTONIO SILVEIRA,"{""type"":""MultiLineString"",""coordinates"":[[[-51.1335553344651,-30.1509471371067],[-51.133504337561,-30.1508930654671]]]}",0,0,0,0,0
8,CONCLUIDO,JOAO ANTONIO SILVEIRA,"{""type"":""MultiLineString"",""coordinates"":[[[-51.1311923211842,-30.1475882234857],[-51.1310032298669,-30.1472219505697]]]}",0,0,0,0,1
9,CONCLUIDO,JOAO ANTONIO SILVEIRA,"{""type"":""MultiLineString"",""coordinates"":[[[-51.1313893238022,-30.1479262983344],[-51.1311923211842,-30.1475882234857]]]}",0,0,0,0,1
10,CONCLUIDO,JOAO ANTONIO SILVEIRA,"{""type"":""MultiLineString"",""coordinates"":[[[-51.1331012364303,-30.1504661247576],[-51.1328443191824,-30.1502036604912]]]}",0,0,0,0,1
11,CONCLUIDO,JOAO ANTONIO SILVEIRA,"{""type"":""MultiLineString"",""coordinates"":[[[-51.1318052883316,-30.1486497835676],[-51.1316173608758,-30.1483083177818]]]}",0,0,1,1,1
12,CONCLUIDO,JOAO ANTONIO SILVEIRA,"{""type"":""MultiLineString"",""coordinates"":[[[-51.1320122797324,-30.1490566301772],[-51.1318052883316,-30.1486497835676]]]}",0,0,1,1,1
13,CONCLUIDO,JOAO ANTONIO SILVEIRA,"{""type"":""MultiLineString"",""coordinates"":[[[-51.1323783554948,-30.1496978508182],[-51.1322662384801,-30.1495367207478],[-51.1320122797324,-30.1490566301772]]]}",0,0,0,1,1
14,CONCLUIDO,JOAO ANTONIO SILVEIRA,"{""type"":""MultiLineString"",""coordinates"":[[[-51.1339382265638,-30.1511778996902],[-51.133745261873,-30.1510788700083],[-51.1335553344651,-30.1509471371067]]]}",0,0,0,0,0
15,CONCLUIDO,JOAO ANTONIO SILVEIRA,"{""type"":""MultiLineString"",""coordinates"":[[[-51.1349762705843,-30.1518443596538],[-51.1348682661632,-30.1517305855721],[-51.1345082280338,-30.151493037305],[-51.1339382265638,-30.1511778996902]]]}",0,0,0,0,0
16,CONCLUIDO,JOAO ANTONIO SILVEIRA,"{""type"":""MultiLineString"",""coordinates"":[[[-51.1368501692099,-30.1537716965861],[-51.1359231473442,-30.1533126101897]]]}",0,0,0,0,0
17,CONCLUIDO,JOAO ANTONIO SILVEIRA,"{""type"":""MultiLineString"",""coordinates"":[[[-51.1403781933351,-30.1550635510744],[-51.1392581890215,-30.1547524070195]]]}",0,0,0,0,0
18,CONCLUIDO,JOAO ANTONIO SILVEIRA,"{""type"":""MultiLineString"",""coordinates"":[[[-51.1353631467748,-30.1528497561062],[-51.1352381819419,-30.1525499506554],[-51.1351111953722,-30.1520753735391],[-51.1349762705843,-30.1518443596538]]]}",0,0,0,0,0
19,CONCLUIDO,JOAO ANTONIO SILVEIRA,"{""type"":""MultiLineString"",""coordinates"":[[[-51.1359231473442,-30.1533126101897],[-51.1356162239985,-30.1531404091043],[-51.1355072713105,-30.1530469327236],[-51.1353631467748,-30.1528497561062]]]}",0,0,0,0,0
20,CONCLUIDO,JOAO ANTONIO SILVEIRA,"{""type"":""MultiLineString"",""coordinates"":[[[-51.1378211828109,-30.1542532813614],[-51.1368501692099,-30.1537716965861]]]}",0,0,0,0,0
21,CONCLUIDO,JOAO ANTONIO SILVEIRA,"{""type"":""MultiLineString"",""coordinates"":[[[-51.1443050730086,-30.1568735563538],[-51.1441061186654,-30.156685470355]]]}",0,0,0,0,1
22,CONCLUIDO,JOAO ANTONIO SILVEIRA,"{""type"":""MultiLineString"",""coordinates"":[[[-51.1392581890215,-30.1547524070195],[-51.1389581100014,-30.1547267908357],[-51.1386881270794,-30.1546504011838],[-51.1384012289797,-30.1545390745678],[-51.1378211828109,-30.1542532813614]]]}",0,0,0,0,0
23,CONCLUIDO,JOAO ANTONIO SILVEIRA,"{""type"":""MultiLineString"",""coordinates"":[[[-51.1414921401812,-30.1553295897541],[-51.1403781933351,-30.1550635510744]]]}",0,0,0,0,1
24,CONCLUIDO,JOAO ANTONIO SILVEIRA,"{""type"":""MultiLineString"",""coordinates"":[[[-51.1431970124314,-30.1559839878979],[-51.1426190866611,-30.1557218929281],[-51.1422961515802,-30.1555936997819],[-51.1417121530628,-30.1553913689296],[-51.1414921401812,-30.1553295897541]]]}",0,0,0,1,1
25,CONCLUIDO,JOAO ANTONIO SILVEIRA,"{""type"":""MultiLineString"",""coordinates"":[[[-51.1432820605181,-30.1560267429642],[-51.1431970124314,-30.1559839878979]]]}",0,0,0,1,1
26,CONCLUIDO,JOAO ANTONIO SILVEIRA,"{""type"":""MultiLineString"",""coordinates"":[[[-51.1441061186654,-30.156685470355],[-51.1435900217627,-30.1562282415967],[-51.1432820605181,-30.1560267429642]]]}",0,0,0,1,1
27,CONCLUIDO,JOAO ANTONIO SILVEIRA,"{""type"":""MultiLineString"",""coordinates"":[[[-51.1474109743948,-30.1593744410199],[-51.1472310355678,-30.1592201657852],[-51.1468211011346,-30.1589511353636]]]}",0,0,1,1,1
28,CONCLUIDO,JOAO ANTONIO SILVEIRA,"{""type"":""MultiLineString"",""coordinates"":[[[-51.1475150755937,-30.1594656568816],[-51.1474109743948,-30.1593744410199]]]}",0,0,1,1,1
29,CONCLUIDO,JOAO ANTONIO SILVEIRA,"{""type"":""MultiLineString"",""coordinates"":[[[-51.144741129624,-30.1572711090093],[-51.1443050730086,-30.1568735563538]]]}",0,0,0,0,1
30,CONCLUIDO,JOAO ANTONIO SILVEIRA,"{""type"":""MultiLineString"",""coordinates"":[[[-51.1468211011346,-30.1589511353636],[-51.1462390964453,-30.1585808141924],[-51.146009026924,-30.1584153175355],[-51.1455431237269,-30.1580223122869]]]}",0,0,0,1,1
31,CONCLUIDO,JOAO ANTONIO SILVEIRA,"{""type"":""MultiLineString"",""coordinates"":[[[-51.1504798888326,-30.1629431030491],[-51.1489260085758,-30.1612050326919],[-51.1484030323627,-30.1604084324805],[-51.1475150755937,-30.1594656568816]]]}",0,0,0,1,1
32,CONCLUIDO,JOAO ANTONIO SILVEIRA,"{""type"":""MultiLineString"",""coordinates"":[[[-51.1515549967703,-30.1639341283128],[-51.1513400300643,-30.1637945579396],[-51.1510439605125,-30.1635457057235],[-51.1504798888326,-30.1629431030491]]]}",0,0,0,0,0
33,CONCLUIDO,JOAO ANTONIO SILVEIRA,"{""type"":""MultiLineString"",""coordinates"":[[[-51.1529858968462,-30.1647555942358],[-51.152808981222,-30.1646802533732],[-51.152515953036,-30.1645148416374],[-51.1515549967703,-30.1639341283128]]]}",0,0,0,0,0
34,CONCLUIDO,JOAO ANTONIO SILVEIRA,"{""type"":""MultiLineString"",""coordinates"":[[[-51.1545458381589,-30.1655236495088],[-51.1539587691665,-30.165131065039],[-51.1536679006825,-30.1650006081157],[-51.1529908158867,-30.1647555885007]]]}",0,0,0,0,1
35,CONCLUIDO,LOUREIRO DA SILVA,"{""type"":""MultiLineString"",""coordinates"":[[[-51.2227395944493,-30.0349727792711],[-51.2223615666247,-30.034935122203]]]}",0,0,0,2,2
36,CONCLUIDO,JUSCELINO KUBITSCHEK DE OLIVEIRA,"{""type"":""MultiLineString"",""coordinates"":[[[-51.1098465429788,-30.0208570820081],[-51.1083105781166,-30.020975625171]]]}",0,0,0,0,0
37,CONCLUIDO,DR NILO PECANHA,"{""type"":""MultiLineString"",""coordinates"":[[[-51.1772974152286,-30.0283913685329],[-51.1744424094904,-30.0275788073046]]]}",0,0,0,0,0
38,CONCLUIDO,LOUREIRO DA SILVA,"{""type"":""MultiLineString"",""coordinates"":[[[-51.2247584193521,-30.0357508074901],[-51.2244035625186,-30.0354199015456]]]}",0,0,0,0,2
39,CONCLUIDO,JUSCELINO KUBITSCHEK DE OLIVEIRA,"{""type"":""MultiLineString"",""coordinates"":[[[-51.113873402952,-30.0200406622368],[-51.1129194174128,-30.0203188725373]]]}",0,0,0,0,1
40,CONCLUIDO,JUSCELINO KUBITSCHEK DE OLIVEIRA,"{""type"":""MultiLineString"",""coordinates"":[[[-51.1196974366361,-30.0196994696279],[-51.1186384282148,-30.0197669571452]]]}",0,0,0,0,1
41,CONCLUIDO,JUSCELINO KUBITSCHEK DE OLIVEIRA,"{""type"":""MultiLineString"",""coordinates"":[[[-51.1186384282148,-30.0197669571452],[-51.1177823104325,-30.0197925334297]]]}",0,0,0,0,0
42,CONCLUIDO,JUSCELINO KUBITSCHEK DE OLIVEIRA,"{""type"":""MultiLineString"",""coordinates"":[[[-51.1177823104325,-30.0197925334297],[-51.1171503434225,-30.0198100109709]]]}",0,0,0,0,0
43,CONCLUIDO,JUSCELINO KUBITSCHEK DE OLIVEIRA,"{""type"":""MultiLineString"",""coordinates"":[[[-51.1171503434225,-30.0198100109709],[-51.1170573792913,-30.0198134768456]]]}",0,0,0,0,0
44,CONCLUIDO,JUSCELINO KUBITSCHEK DE OLIVEIRA,"{""type"":""MultiLineString"",""coordinates"":[[[-51.1170573792913,-30.0198134768456],[-51.1166234906557,-30.0198273929437]]]}",0,0,0,0,1
45,CONCLUIDO,JUSCELINO KUBITSCHEK DE OLIVEIRA,"{""type"":""MultiLineString"",""coordinates"":[[[-51.1166234906557,-30.0198273929437],[-51.1160083658434,-30.0198437231278]]]}",0,0,0,0,1
46,CONCLUIDO,JUSCELINO KUBITSCHEK DE OLIVEIRA,"{""type"":""MultiLineString"",""coordinates"":[[[-51.1160083658434,-30.0198437231278],[-51.1154544622194,-30.0198588692162]]]}",0,0,0,1,1
47,CONCLUIDO,JUSCELINO KUBITSCHEK DE OLIVEIRA,"{""type"":""MultiLineString"",""coordinates"":[[[-51.1154544622194,-30.0198588692162],[-51.1150244620228,-30.0198739041555]]]}",0,0,0,1,1
48,CONCLUIDO,JUSCELINO KUBITSCHEK DE OLIVEIRA,"{""type"":""MultiLineString"",""coordinates"":[[[-51.1150244620228,-30.0198739041555],[-51.1146723755897,-30.0198967636441],[-51.1142225084878,-30.0199603002767]]]}",0,0,0,1,1
49,CONCLUIDO,JUSCELINO KUBITSCHEK DE OLIVEIRA,"{""type"":""MultiLineString"",""coordinates"":[[[-51.1142225084878,-30.0199603002767],[-51.113873402952,-30.0200406622368]]]}",0,0,0,0,1
50,CONCLUIDO,JUSCELINO KUBITSCHEK DE OLIVEIRA,"{""type"":""MultiLineString"",""coordinates"":[[[-51.1122445558464,-30.0205077585379],[-51.1116765018678,-30.0206187466985]]]}",0,0,0,0,0
51,CONCLUIDO,JUSCELINO KUBITSCHEK DE OLIVEIRA,"{""type"":""MultiLineString"",""coordinates"":[[[-51.1129194174128,-30.0203188725373],[-51.1122445558464,-30.0205077585379]]]}",0,0,0,0,0
52,CONCLUIDO,JUSCELINO KUBITSCHEK DE OLIVEIRA,"{""type"":""MultiLineString"",""coordinates"":[[[-51.1116765018678,-30.0206187466985],[-51.1105565380123,-30.0207955970978],[-51.1098465429788,-30.0208570820081]]]}",0,0,0,0,0
53,CONCLUIDO,VASCO DA GAMA,"{""type"":""MultiLineString"",""coordinates"":[[[-51.2124007773633,-30.031638718037],[-51.2109156705115,-30.0316974866421]]]}",0,0,0,0,0
54,CONCLUIDO,VASCO DA GAMA,"{""type"":""MultiLineString"",""coordinates"":[[[-51.2071207412642,-30.0321038104364],[-51.2058187590006,-30.032364072389]]]}",0,0,0,0,0
55,CONCLUIDO,LOUREIRO DA SILVA,"{""type"":""MultiLineString"",""coordinates"":[[[-51.2223615666247,-30.034935122203],[-51.2220516093103,-30.0349029453888]]]}",0,0,0,2,2
56,CONCLUIDO,TIRADENTES,"{""type"":""MultiLineString"",""coordinates"":[[[-51.2042110687645,-30.0374272072901],[-51.2041968921745,-30.037544498743],[-51.2041490249603,-30.0377430290176]]]}",0,0,0,0,0
57,CONCLUIDO,LOUREIRO DA SILVA,"{""type"":""MultiLineString"",""coordinates"":[[[-51.2308523479904,-30.0374992954596],[-51.2306034173522,-30.0375921942818],[-51.2303934084405,-30.0377041940048],[-51.2302133971417,-30.0378285435938]]]}",0,0,0,0,0
58,CONCLUIDO,IPIRANGA,"{""type"":""MultiLineString"",""coordinates"":[[[-51.2069158365273,-30.0441919043578],[-51.2061797637471,-30.0437589382728]]]}",0,0,0,0,1
59,CONCLUIDO,ERICO VERISSIMO,"{""type"":""MultiLineString"",""coordinates"":[[[-51.2209394947602,-30.0438578818393],[-51.2204745666817,-30.0441608555556],[-51.2202955682824,-30.0443145075833]]]}",0,0,0,1,1
60,CONCLUIDO,DR NILO PECANHA,"{""type"":""MultiLineString"",""coordinates"":[[[-51.1781143703418,-30.0286259320676],[-51.1772974152286,-30.0283913685329]]]}",0,0,0,0,0
61,CONCLUIDO,DR NILO PECANHA,"{""type"":""MultiLineString"",""coordinates"":[[[-51.1791452550465,-30.0289233446244],[-51.1781143703418,-30.0286259320676]]]}",0,0,0,0,0
62,CONCLUIDO,DR NILO PECANHA,"{""type"":""MultiLineString"",""coordinates"":[[[-51.1794773233506,-30.0290187377077],[-51.1791452550465,-30.0289233446244]]]}",0,0,0,0,0
63,CONCLUIDO,IRMAO JOSE OTAO,"{""type"":""MultiLineString"",""coordinates"":[[[-51.2167126645219,-30.0306123435891],[-51.2160426951849,-30.0307566496166]]]}",0,0,0,1,3
64,CONCLUIDO,IRMAO JOSE OTAO,"{""type"":""MultiLineString"",""coordinates"":[[[-51.2142407515714,-30.0311858256349],[-51.2124566740038,-30.0316442653827],[-51.2124007773633,-30.031638718037]]]}",0,0,0,1,1
65,CONCLUIDO,IRMAO JOSE OTAO,"{""type"":""MultiLineString"",""coordinates"":[[[-51.2160426951849,-30.0307566496166],[-51.2152327106727,-30.030948540062]]]}",0,0,0,1,2
66,CONCLUIDO,IRMAO JOSE OTAO,"{""type"":""MultiLineString"",""coordinates"":[[[-51.2152327106727,-30.030948540062],[-51.2142407515714,-30.0311858256349]]]}",0,0,0,1,2
67,CONCLUIDO,MARIANTE,"{""type"":""MultiLineString"",""coordinates"":[[[-51.2042127940958,-30.0356613969658],[-51.2042089171053,-30.0361406291327]]]}",0,0,0,0,0
68,CONCLUIDO,VASCO DA GAMA,"{""type"":""MultiLineString"",""coordinates"":[[[-51.2098377741817,-30.0317488245337],[-51.2097428354001,-30.0317410827056]]]}",0,0,0,0,0
69,CONCLUIDO,VASCO DA GAMA,"{""type"":""MultiLineString"",""coordinates"":[[[-51.2109156705115,-30.0316974866421],[-51.2099196997964,-30.0317306523775],[-51.2098377741817,-30.0317488245337]]]}",0,0,0,0,0
70,CONCLUIDO,VASCO DA GAMA,"{""type"":""MultiLineString"",""coordinates"":[[[-51.2097428354001,-30.0317410827056],[-51.2096746895914,-30.0317648703892],[-51.2085014216857,-30.0318343907599]]]}",0,0,0,0,0
71,CONCLUIDO,VASCO DA GAMA,"{""type"":""MultiLineString"",""coordinates"":[[[-51.2085014216857,-30.0318343907599],[-51.2083658575375,-30.0318424987411],[-51.2074908585015,-30.0320175305712]]]}",0,0,0,0,0
72,CONCLUIDO,VASCO DA GAMA,"{""type"":""MultiLineString"",""coordinates"":[[[-51.2074908585015,-30.0320175305712],[-51.2071207412642,-30.0321038104364]]]}",0,0,0,0,0
73,CONCLUIDO,VASCO DA GAMA,"{""type"":""MultiLineString"",""coordinates"":[[[-51.2058187590006,-30.032364072389],[-51.2057347541329,-30.0323957766337],[-51.2042569083496,-30.0326856146941]]]}",0,0,0,0,0
74,CONCLUIDO,LOUREIRO DA SILVA,"{""type"":""MultiLineString"",""coordinates"":[[[-51.2220516093103,-30.0349029453888],[-51.221658601096,-30.0348201665814],[-51.2213646301507,-30.0346921163634]]]}",0,0,0,2,4
75,CONCLUIDO,PRESIDENTE JOAO GOULART,"{""type"":""MultiLineString"",""coordinates"":[[[-51.2410301546504,-30.0353250895185],[-51.2410412353037,-30.0355528425911],[-51.2410272272258,-30.0357220068615],[-51.2409691449944,-30.0358856136989],[-51.2408651302469,-30.0360797498956],[-51.2406622286477,-30.0363112767528]]]}",0,0,0,0,0
76,CONCLUIDO,LOUREIRO DA SILVA,"{""type"":""MultiLineString"",""coordinates"":[[[-51.2244035625186,-30.0354199015456],[-51.224245553716,-30.03531756046],[-51.2239774807237,-30.0351827062723],[-51.2236404828088,-30.0350840516169],[-51.2233855681118,-30.0350371260521],[-51.2227395944493,-30.0349727792711]]]}",0,0,0,0,4
77,CONCLUIDO,MARIANTE,"{""type"":""MultiLineString"",""coordinates"":[[[-51.2042119065306,-30.0338065110014],[-51.2042127940958,-30.0356613969658]]]}",0,0,0,0,0
78,CONCLUIDO,LOUREIRO DA SILVA,"{""type"":""MultiLineString"",""coordinates"":[[[-51.2260585106415,-30.0371580675132],[-51.2247584193521,-30.0357508074901]]]}",0,0,2,2,4
79,CONCLUIDO,LOUREIRO DA SILVA,"{""type"":""MultiLineString"",""coordinates"":[[[-51.2406622286477,-30.0363112767528],[-51.2405372771455,-30.0364220089165],[-51.2403281900816,-30.0365746157224],[-51.2399752033988,-30.0367737158719],[-51.2396562357083,-30.0369062255353],[-51.2390891731105,-30.0370042302095],[-51.2372812529015,-30.0371732590421]]]}",0,0,0,0,1
80,CONCLUIDO,NILOPOLIS,"{""type"":""MultiLineString"",""coordinates"":[[[-51.1877931933768,-30.0374302447066],[-51.1876820944293,-30.0373593649253],[-51.1857392501608,-30.0354181541075]]]}",0,0,0,1,1
81,CONCLUIDO,NILOPOLIS,"{""type"":""MultiLineString"",""coordinates"":[[[-51.1878301639211,-30.0374493609067],[-51.1877931933768,-30.0374302447066]]]}",0,0,0,0,0
82,CONCLUIDO,TIRADENTES,"{""type"":""MultiLineString"",""coordinates"":[[[-51.2042089171053,-30.0361406291327],[-51.2042208346953,-30.0362646457933],[-51.2042198305735,-30.0373550278742],[-51.2042110687645,-30.0374272072901]]]}",0,0,0,0,0
83,CONCLUIDO,LOUREIRO DA SILVA,"{""type"":""MultiLineString"",""coordinates"":[[[-51.2328043276075,-30.0372737199158],[-51.2313283838786,-30.037402613876],[-51.2310754433908,-30.0374425244247],[-51.2308523479904,-30.0374992954596]]]}",0,0,0,0,0
84,CONCLUIDO,TIRADENTES,"{""type"":""MultiLineString"",""coordinates"":[[[-51.2041490249603,-30.0377430290176],[-51.2040879152004,-30.0380408078008]]]}",0,0,0,0,0
85,CONCLUIDO,NILOPOLIS,"{""type"":""MultiLineString"",""coordinates"":[[[-51.189478129478,-30.0382182697522],[-51.1888901373978,-30.037987959511],[-51.1878301639211,-30.0374493609067]]]}",0,0,0,1,1
86,CONCLUIDO,LOUREIRO DA SILVA,"{""type"":""MultiLineString"",""coordinates"":[[[-51.2302133971417,-30.0378285435938],[-51.2297374225657,-30.0382341804948]]]}",0,0,0,0,0
87,CONCLUIDO,LOUREIRO DA SILVA,"{""type"":""MultiLineString"",""coordinates"":[[[-51.2272054330278,-30.0382994679876],[-51.2270925178941,-30.0382263696929],[-51.2269125196523,-30.038074455594],[-51.2260585106415,-30.0371580675132]]]}",0,0,0,2,5
88,CONCLUIDO,NILOPOLIS,"{""type"":""MultiLineString"",""coordinates"":[[[-51.191006104122,-30.0384077509778],[-51.1903441424805,-30.0383816482778],[-51.1901121162136,-30.0383560491333],[-51.189478129478,-30.0382182697522]]]}",1,1,1,1,1
89,CONCLUIDO,NILOPOLIS,"{""type"":""MultiLineString"",""coordinates"":[[[-51.1919790901001,-30.0384300136782],[-51.191006104122,-30.0384077509778]]]}",0,0,0,1,1
90,CONCLUIDO,LOUREIRO DA SILVA,"{""type"":""MultiLineString"",""coordinates"":[[[-51.2297374225657,-30.0382341804948],[-51.2296083588114,-30.0383246130081],[-51.2293504466614,-30.0384581186541]]]}",0,0,0,0,0
91,CONCLUIDO,NEUSA GOULART BRIZOLA,"{""type"":""MultiLineString"",""coordinates"":[[[-51.1919790901001,-30.0384300136782],[-51.1931820735106,-30.0385173323394]]]}",0,0,0,0,1
92,CONCLUIDO,NEUSA GOULART BRIZOLA,"{""type"":""MultiLineString"",""coordinates"":[[[-51.1931820735106,-30.0385173323394],[-51.1945250670392,-30.0384612289011]]]}",0,0,0,0,0
93,CONCLUIDO,LOUREIRO DA SILVA,"{""type"":""MultiLineString"",""coordinates"":[[[-51.2293504466614,-30.0384581186541],[-51.2291173800386,-30.0385476044519]]]}",0,0,0,0,0
94,CONCLUIDO,LOUREIRO DA SILVA,"{""type"":""MultiLineString"",""coordinates"":[[[-51.2278944166407,-30.0385914492587],[-51.2276533760775,-30.0385242115189],[-51.2274733974088,-30.038452357114],[-51.2272054330278,-30.0382994679876]]]}",0,0,0,0,1
95,CONCLUIDO,LOUREIRO DA SILVA,"{""type"":""MultiLineString"",""coordinates"":[[[-51.2291173800386,-30.0385476044519],[-51.2287354419761,-30.0386384762959],[-51.2284213651221,-30.0386525528247]]]}",0,0,0,0,0
96,CONCLUIDO,LOUREIRO DA SILVA,"{""type"":""MultiLineString"",""coordinates"":[[[-51.2284213651221,-30.0386525528247],[-51.2282554825506,-30.0386528407601],[-51.2278944166407,-30.0385914492587]]]}",0,0,0,0,0
97,CONCLUIDO,NEUSA GOULART BRIZOLA,"{""type"":""MultiLineString"",""coordinates"":[[[-51.1945250670392,-30.0384612289011],[-51.1954589677471,-30.0386256002539],[-51.1959279810354,-30.0388910142839]]]}",0,0,0,0,1
98,CONCLUIDO,NEUSA GOULART BRIZOLA,"{""type"":""MultiLineString"",""coordinates"":[[[-51.1959279810354,-30.0388910142839],[-51.1972409524133,-30.0396242410781]]]}",0,0,0,1,1
99,CONCLUIDO,NEUSA GOULART BRIZOLA,"{""type"":""MultiLineString"",""coordinates"":[[[-51.1972409524133,-30.0396242410781],[-51.1975090366539,-30.0397771911702]]]}",0,0,0,0,1
100,CONCLUIDO,NEUSA GOULART BRIZOLA,"{""type"":""MultiLineString"",""coordinates"":[[[-51.1975090366539,-30.0397771911702],[-51.1978169627025,-30.0398432566832],[-51.198005898257,-30.0398666514698]]]}",0,0,0,0,1
101,CONCLUIDO,TIRADENTES,"{""type"":""MultiLineString"",""coordinates"":[[[-51.2040879152004,-30.0380408078008],[-51.2040778088447,-30.0380893096648],[-51.204096863833,-30.0398776391982]]]}",0,0,0,0,0
102,CONCLUIDO,SILVA SO,"{""type"":""MultiLineString"",""coordinates"":[[[-51.204096863833,-30.0398776391982],[-51.2040849036521,-30.0406816296081]]]}",0,0,0,0,0
103,CONCLUIDO,IPIRANGA,"{""type"":""MultiLineString"",""coordinates"":[[[-51.2061797637471,-30.0437589382728],[-51.205853817608,-30.0436049690687],[-51.2054098449237,-30.0434861387714],[-51.2053148876324,-30.043475011272]]]}",0,0,0,0,0
104,CONCLUIDO,ERICO VERISSIMO,"{""type"":""MultiLineString"",""coordinates"":[[[-51.2184946068869,-30.0469921527334],[-51.2183905533571,-30.0475628852526]]]}",0,0,0,1,1
105,CONCLUIDO,SILVA SO,"{""type"":""MultiLineString"",""coordinates"":[[[-51.2040849036521,-30.0406816296081],[-51.2041108753719,-30.0419715524748],[-51.2041378594062,-30.0422534079668]]]}",0,0,0,0,1
106,CONCLUIDO,SILVA SO,"{""type"":""MultiLineString"",""coordinates"":[[[-51.2041378594062,-30.0422534079668],[-51.2041019484152,-30.0423583297804],[-51.2040239356602,-30.0430259840539]]]}",0,0,0,0,1
107,CONCLUIDO,IPIRANGA,"{""type"":""MultiLineString"",""coordinates"":[[[-51.2046678776729,-30.0430170904714],[-51.2040239356602,-30.0430259840539]]]}",0,0,0,0,1
108,CONCLUIDO,IPIRANGA,"{""type"":""MultiLineString"",""coordinates"":[[[-51.2053148876324,-30.043475011272],[-51.2046838988214,-30.0434816322619]]]}",0,0,0,0,0
109,CONCLUIDO,ERICO VERISSIMO,"{""type"":""MultiLineString"",""coordinates"":[[[-51.2202955682824,-30.0443145075833],[-51.2199975400042,-30.0445619487569]]]}",0,0,0,0,1
110,CONCLUIDO,ERICO VERISSIMO,"{""type"":""MultiLineString"",""coordinates"":[[[-51.2199975400042,-30.0445619487569],[-51.2199115160866,-30.044635385825]]]}",0,0,0,0,1
111,CONCLUIDO,IPIRANGA,"{""type"":""MultiLineString"",""coordinates"":[[[-51.2082197964408,-30.0449599906039],[-51.2069158365273,-30.0441919043578]]]}",0,0,0,0,1
112,CONCLUIDO,IPIRANGA,"{""type"":""MultiLineString"",""coordinates"":[[[-51.2095657697028,-30.0457437826519],[-51.2082197964408,-30.0449599906039]]]}",0,0,0,0,1
113,CONCLUIDO,ERICO VERISSIMO,"{""type"":""MultiLineString"",""coordinates"":[[[-51.2199115160866,-30.044635385825],[-51.2195915453226,-30.0449245831893],[-51.2193206786692,-30.0452215910943],[-51.2190835415516,-30.0455343280677],[-51.2189026076091,-30.0458413334939]]]}",0,0,0,0,0
114,CONCLUIDO,ERICO VERISSIMO,"{""type"":""MultiLineString"",""coordinates"":[[[-51.2189026076091,-30.0458413334939],[-51.2187515762819,-30.0461178442498],[-51.2186035833831,-30.0465240222652]]]}",0,0,0,0,1
115,CONCLUIDO,ERICO VERISSIMO,"{""type"":""MultiLineString"",""coordinates"":[[[-51.2186035833831,-30.0465240222652],[-51.2185535577708,-30.0466876056956],[-51.2184946068869,-30.0469921527334]]]}",0,0,0,0,1
116,CONCLUIDO,IPIRANGA,"{""type"":""MultiLineString"",""coordinates"":[[[-51.2137517391637,-30.0472683124715],[-51.2134367071225,-30.0472282305894],[-51.2131567681151,-30.0471587739172],[-51.2128787279936,-30.0470678896017],[-51.21260272892,-30.0469465567125],[-51.2121326715977,-30.0466857150502]]]}",0,0,1,2,2
117,CONCLUIDO,AZENHA,"{""type"":""MultiLineString"",""coordinates"":[[[-51.2137517391637,-30.0472683124715],[-51.21365165942,-30.0477409345588]]]}",0,0,1,1,1
118,CONCLUIDO,ERICO VERISSIMO,"{""type"":""MultiLineString"",""coordinates"":[[[-51.2183905533571,-30.0475628852526],[-51.2183375783895,-30.047859529068]]]}",0,0,1,1,1
119,CONCLUIDO,IPIRANGA,"{""type"":""MultiLineString"",""coordinates"":[[[-51.2147396912079,-30.0478778558211],[-51.21365165942,-30.0477409345588]]]}",0,0,0,1,1
120,CONCLUIDO,IPIRANGA,"{""type"":""MultiLineString"",""coordinates"":[[[-51.2328024069541,-30.0478155522616],[-51.2319485539546,-30.0478625346048],[-51.231447364934,-30.0478901093901],[-51.2297903740071,-30.0478422731403],[-51.2294484554003,-30.0478789528939]]]}",0,0,0,0,1
121,CONCLUIDO,IPIRANGA,"{""type"":""MultiLineString"",""coordinates"":[[[-51.2156186868075,-30.0479936869611],[-51.2147396912079,-30.0478778558211]]]}",0,0,0,0,1
122,CONCLUIDO,IPIRANGA,"{""type"":""MultiLineString"",""coordinates"":[[[-51.2294484554003,-30.0478789528939],[-51.2277055295269,-30.048012782462]]]}",0,0,0,0,0
123,CONCLUIDO,IPIRANGA,"{""type"":""MultiLineString"",""coordinates"":[[[-51.2173576890595,-30.0482073215578],[-51.2168616626273,-30.0481562717261],[-51.2156186868075,-30.0479936869611]]]}",0,0,0,1,1
124,CONCLUIDO,IPIRANGA,"{""type"":""MultiLineString"",""coordinates"":[[[-51.2277055295269,-30.048012782462],[-51.2240405448589,-30.0483088666663]]]}",0,0,0,0,0
125,CONCLUIDO,IPIRANGA,"{""type"":""MultiLineString"",""coordinates"":[[[-51.2182556528528,-30.0483264868262],[-51.2173576890595,-30.0482073215578]]]}",0,0,1,1,1
126,CONCLUIDO,IPIRANGA,"{""type"":""MultiLineString"",""coordinates"":[[[-51.2195406024638,-30.0484912310315],[-51.2182556528528,-30.0483264868262]]]}",0,0,1,1,1
127,CONCLUIDO,IPIRANGA,"{""type"":""MultiLineString"",""coordinates"":[[[-51.2240405448589,-30.0483088666663],[-51.2216675026263,-30.0484978117773]]]}",0,0,0,0,0
128,CONCLUIDO,IPIRANGA,"{""type"":""MultiLineString"",""coordinates"":[[[-51.2216675026263,-30.0484978117773],[-51.2209495860671,-30.0485508890007],[-51.2203885772949,-30.0485676166475],[-51.2198616357977,-30.048531288232],[-51.2195406024638,-30.0484912310315]]]}",0,0,0,0,1
129,CONCLUIDO,ERICO VERISSIMO,"{""type"":""MultiLineString"",""coordinates"":[[[-51.2182556528528,-30.0483264868262],[-51.2181835827995,-30.0490031594447],[-51.2182386483171,-30.0500291735388]]]}",0,0,1,1,1
130,CONCLUIDO,ERICO VERISSIMO,"{""type"":""MultiLineString"",""coordinates"":[[[-51.2182386483171,-30.0500291735388],[-51.2183096447174,-30.0512265537963]]]}",0,0,0,0,0
131,CONCLUIDO,ERICO VERISSIMO,"{""type"":""MultiLineString"",""coordinates"":[[[-51.2183096447174,-30.0512265537963],[-51.2183956306336,-30.0523878266687]]]}",0,0,0,0,0
132,CONCLUIDO,ERICO VERISSIMO,"{""type"":""MultiLineString"",""coordinates"":[[[-51.2184696765323,-30.0535705430553],[-51.2184805611824,-30.0542482049813],[-51.2184325743943,-30.0547511888155]]]}",0,0,0,0,0
133,CONCLUIDO,IPIRANGA,"{""type"":""MultiLineString"",""coordinates"":[[[-51.1594627399146,-30.0556139530435],[-51.1588577588868,-30.0557240613299],[-51.1582497874996,-30.0558905503215],[-51.1559037318304,-30.0568518031949]]]}",0,0,0,0,0
134,CONCLUIDO,ERICO VERISSIMO,"{""type"":""MultiLineString"",""coordinates"":[[[-51.2181857056247,-30.0572142489554],[-51.2181356864262,-30.0573834701206]]]}",0,0,0,0,0
135,CONCLUIDO,IPIRANGA,"{""type"":""MultiLineString"",""coordinates"":[[[-51.1506379205559,-30.0625319668654],[-51.150168813271,-30.0639160536497]]]}",1,1,1,1,1
136,CONCLUIDO,ICARAI,"{""type"":""MultiLineString"",""coordinates"":[[[-51.2422181650688,-30.0915533117259],[-51.2423611876806,-30.0921123277102]]]}",0,0,0,1,1
137,CONCLUIDO,ERICO VERISSIMO,"{""type"":""MultiLineString"",""coordinates"":[[[-51.2183956306336,-30.0523878266687],[-51.2184515902603,-30.0530812002302],[-51.2184696765323,-30.0535705430553]]]}",0,0,0,0,0
138,CONCLUIDO,ERICO VERISSIMO,"{""type"":""MultiLineString"",""coordinates"":[[[-51.2182555907352,-30.0564992429752],[-51.2181857056247,-30.0572142489554]]]}",0,0,0,0,0
139,CONCLUIDO,IPIRANGA,"{""type"":""MultiLineString"",""coordinates"":[[[-51.1750729023662,-30.0573824533511],[-51.1724924703857,-30.0562582749813],[-51.1719714079142,-30.0560751601175],[-51.1714605270328,-30.0559698337423],[-51.1709625399707,-30.0559186134527],[-51.1692405514326,-30.0559185852647]]]}",0,0,0,0,1
140,CONCLUIDO,IPIRANGA,"{""type"":""MultiLineString"",""coordinates"":[[[-51.167152625961,-30.0554803690375],[-51.165866496893,-30.0554865075905]]]}",0,0,0,1,1
141,CONCLUIDO,IPIRANGA,"{""type"":""MultiLineString"",""coordinates"":[[[-51.165866496893,-30.0554865075905],[-51.164417533784,-30.055491709738]]]}",0,0,0,1,1
142,CONCLUIDO,IPIRANGA,"{""type"":""MultiLineString"",""coordinates"":[[[-51.164417533784,-30.055491709738],[-51.1622216193696,-30.0554820336557]]]}",0,0,0,0,1
143,CONCLUIDO,IPIRANGA,"{""type"":""MultiLineString"",""coordinates"":[[[-51.1622216193696,-30.0554820336557],[-51.1601116664516,-30.0555274680651],[-51.1594627399146,-30.0556139530435]]]}",0,0,0,0,0
144,CONCLUIDO,IPIRANGA,"{""type"":""MultiLineString"",""coordinates"":[[[-51.1692405514326,-30.0559185852647],[-51.1670835568533,-30.0559348749173]]]}",0,0,0,0,2
145,CONCLUIDO,ERICO VERISSIMO,"{""type"":""MultiLineString"",""coordinates"":[[[-51.2184325743943,-30.0547511888155],[-51.2183065864019,-30.0559635540954]]]}",0,0,0,0,0
146,CONCLUIDO,ERICO VERISSIMO,"{""type"":""MultiLineString"",""coordinates"":[[[-51.2183065864019,-30.0559635540954],[-51.2182555907352,-30.0564992429752]]]}",0,0,0,0,0
147,CONCLUIDO,IPIRANGA,"{""type"":""MultiLineString"",""coordinates"":[[[-51.1559037318304,-30.0568518031949],[-51.1539918051732,-30.0576715582544],[-51.1537345528942,-30.0578060424111]]]}",0,0,0,0,0
148,CONCLUIDO,ERICO VERISSIMO,"{""type"":""MultiLineString"",""coordinates"":[[[-51.2181356864262,-30.0573834701206],[-51.2180195685033,-30.0577783182406]]]}",0,0,0,0,0
149,CONCLUIDO,ERICO VERISSIMO,"{""type"":""MultiLineString"",""coordinates"":[[[-51.2180195685033,-30.0577783182406],[-51.2179536978606,-30.0579599688426],[-51.2178126619444,-30.0582229301812],[-51.2175496195803,-30.0585605138467]]]}",0,0,0,0,0
150,CONCLUIDO,IPIRANGA,"{""type"":""MultiLineString"",""coordinates"":[[[-51.1537345528942,-30.0578060424111],[-51.1534117583356,-30.0579924711998],[-51.1528677511076,-30.0583606988515],[-51.1524030574266,-30.0587852116351]]]}",0,0,0,0,0
151,CONCLUIDO,ERICO VERISSIMO,"{""type"":""MultiLineString"",""coordinates"":[[[-51.2175496195803,-30.0585605138467],[-51.216996725402,-30.0590553105238]]]}",0,0,0,0,0
152,CONCLUIDO,ERICO VERISSIMO,"{""type"":""MultiLineString"",""coordinates"":[[[-51.216996725402,-30.0590553105238],[-51.2166236143505,-30.0593716499754]]]}",0,0,0,0,0
153,CONCLUIDO,JOSE DE ALENCAR,"{""type"":""MultiLineString"",""coordinates"":[[[-51.2302894464418,-30.0594307403842],[-51.2289864940991,-30.0596089195601]]]}",0,0,0,0,0
154,CONCLUIDO,JOSE DE ALENCAR,"{""type"":""MultiLineString"",""coordinates"":[[[-51.2289864940991,-30.0596089195601],[-51.2282703870278,-30.0597071366368]]]}",0,0,0,0,0
155,CONCLUIDO,JOSE DE ALENCAR,"{""type"":""MultiLineString"",""coordinates"":[[[-51.2282703870278,-30.0597071366368],[-51.2274374918545,-30.0598213388]]]}",0,0,0,0,0
156,CONCLUIDO,IPIRANGA,"{""type"":""MultiLineString"",""coordinates"":[[[-51.1524030574266,-30.0587852116351],[-51.1523818624329,-30.0588055326517],[-51.1522945121217,-30.0589003515914],[-51.1522298061676,-30.0589692090686],[-51.1520957589827,-30.0591486508637],[-51.1519407986641,-30.0593213510086],[-51.1518098337586,-30.0595041720701],[-51.1515541785837,-30.0599476092326]]]}",0,0,0,0,0
157,CONCLUIDO,JOSE DE ALENCAR,"{""type"":""MultiLineString"",""coordinates"":[[[-51.2274374918545,-30.0598213388],[-51.2269884832168,-30.0598818763707]]]}",0,0,0,0,0
158,CONCLUIDO,JOSE DE ALENCAR,"{""type"":""MultiLineString"",""coordinates"":[[[-51.2269884832168,-30.0598818763707],[-51.2262275034358,-30.0599857985097]]]}",0,0,0,0,0
159,CONCLUIDO,JOSE DE ALENCAR,"{""type"":""MultiLineString"",""coordinates"":[[[-51.2262275034358,-30.0599857985097],[-51.2257605154293,-30.0600497459417]]]}",0,0,0,0,0
160,CONCLUIDO,JOSE DE ALENCAR,"{""type"":""MultiLineString"",""coordinates"":[[[-51.2257605154293,-30.0600497459417],[-51.2249005583025,-30.0601651054462]]]}",0,0,0,0,0
161,CONCLUIDO,JOSE DE ALENCAR,"{""type"":""MultiLineString"",""coordinates"":[[[-51.2249005583025,-30.0601651054462],[-51.2247865250218,-30.0601810867875]]]}",0,0,0,0,0
162,CONCLUIDO,JOSE DE ALENCAR,"{""type"":""MultiLineString"",""coordinates"":[[[-51.2247865250218,-30.0601810867875],[-51.2235635723842,-30.0603489272856]]]}",0,0,0,0,0
163,CONCLUIDO,JOSE DE ALENCAR,"{""type"":""MultiLineString"",""coordinates"":[[[-51.2235635723842,-30.0603489272856],[-51.2233095880225,-30.0603843135358]]]}",0,0,0,0,0
164,CONCLUIDO,JOSE DE ALENCAR,"{""type"":""MultiLineString"",""coordinates"":[[[-51.2233095880225,-30.0603843135358],[-51.2229345966147,-30.0604334364116]]]}",0,0,0,0,0
165,CONCLUIDO,JOSE DE ALENCAR,"{""type"":""MultiLineString"",""coordinates"":[[[-51.2229345966147,-30.0604334364116],[-51.2219716137643,-30.060563610247]]]}",0,0,0,0,0
166,CONCLUIDO,CEL GASTAO HASLOCHER MAZERON,"{""type"":""MultiLineString"",""coordinates"":[[[-51.2166236143505,-30.0593716499754],[-51.2150367592066,-30.0606732343179],[-51.2150316538705,-30.0607848735084]]]}",0,0,0,0,0
167,CONCLUIDO,IPIRANGA,"{""type"":""MultiLineString"",""coordinates"":[[[-51.1515541785837,-30.0599476092326],[-51.1514858197705,-30.0600660847314],[-51.1513208522758,-30.0604789722269],[-51.1506379205559,-30.0625319668654]]]}",0,0,0,0,1
168,CONCLUIDO,DIARIO DE NOTICIAS,"{""type"":""MultiLineString"",""coordinates"":[[[-51.2503490544075,-30.0949287044691],[-51.2502003015623,-30.0951911848329],[-51.2481781101189,-30.0981272538183]]]}",0,0,0,0,0
169,CONCLUIDO,PADRE CACIQUE,"{""type"":""MultiLineString"",""coordinates"":[[[-51.2446011982994,-30.0815224491694],[-51.2440792347449,-30.0816079879174]]]}",0,0,0,0,0
170,CONCLUIDO,PADRE CACIQUE,"{""type"":""MultiLineString"",""coordinates"":[[[-51.2456391323855,-30.08128823151],[-51.2453991738013,-30.081377758772],[-51.2446011982994,-30.0815224491694]]]}",0,0,0,0,0
171,CONCLUIDO,CHUI,"{""type"":""MultiLineString"",""coordinates"":[[[-51.2440792347449,-30.0816079879174],[-51.2436621862998,-30.0818500643546],[-51.242963162537,-30.0823001360395]]]}",0,0,0,0,1
172,CONCLUIDO,CHUI,"{""type"":""MultiLineString"",""coordinates"":[[[-51.242963162537,-30.0823001360395],[-51.2421492636426,-30.0828316015674]]]}",0,0,0,1,1
173,CONCLUIDO,CHUI,"{""type"":""MultiLineString"",""coordinates"":[[[-51.2421492636426,-30.0828316015674],[-51.2403193324487,-30.0840256863863]]]}",0,0,0,1,2
174,CONCLUIDO,ICARAI,"{""type"":""MultiLineString"",""coordinates"":[[[-51.2403193324487,-30.0840256863863],[-51.2405212626839,-30.0847593722552]]]}",0,0,0,1,1
175,CONCLUIDO,ICARAI,"{""type"":""MultiLineString"",""coordinates"":[[[-51.2405212626839,-30.0847593722552],[-51.2408512303209,-30.0860938240914]]]}",1,1,1,1,1
176,CONCLUIDO,ICARAI,"{""type"":""MultiLineString"",""coordinates"":[[[-51.2427152677149,-30.0930791381467],[-51.2428382356871,-30.0932559406203]]]}",0,0,0,1,1
177,CONCLUIDO,ICARAI,"{""type"":""MultiLineString"",""coordinates"":[[[-51.2408512303209,-30.0860938240914],[-51.2411762867448,-30.0874046043939]]]}",0,0,0,1,1
178,CONCLUIDO,ICARAI,"{""type"":""MultiLineString"",""coordinates"":[[[-51.2411762867448,-30.0874046043939],[-51.2415021898406,-30.0887266582817]]]}",0,0,0,0,0
179,CONCLUIDO,ICARAI,"{""type"":""MultiLineString"",""coordinates"":[[[-51.2415021898406,-30.0887266582817],[-51.2418373292028,-30.0900441834556]]]}",0,0,0,0,0
180,CONCLUIDO,ICARAI,"{""type"":""MultiLineString"",""coordinates"":[[[-51.2418373292028,-30.0900441834556],[-51.2422181650688,-30.0915533117259]]]}",0,0,0,0,1
181,CONCLUIDO,ICARAI,"{""type"":""MultiLineString"",""coordinates"":[[[-51.2423611876806,-30.0921123277102],[-51.2424342272668,-30.0924200228074]]]}",0,0,1,1,1
182,CONCLUIDO,ICARAI,"{""type"":""MultiLineString"",""coordinates"":[[[-51.2424342272668,-30.0924200228074],[-51.2425403179462,-30.0927220181554]]]}",0,0,1,1,1
183,CONCLUIDO,ICARAI,"{""type"":""MultiLineString"",""coordinates"":[[[-51.2425403179462,-30.0927220181554],[-51.2425841990541,-30.0928369504435]]]}",0,0,1,1,1
184,CONCLUIDO,ICARAI,"{""type"":""MultiLineString"",""coordinates"":[[[-51.2425841990541,-30.0928369504435],[-51.2425848265761,-30.0928381535015],[-51.2426411949591,-30.0929462203832]]]}",0,0,1,1,1
185,CONCLUIDO,ICARAI,"{""type"":""MultiLineString"",""coordinates"":[[[-51.2426411949591,-30.0929462203832],[-51.2427152677149,-30.0930791381467]]]}",0,0,1,1,1
186,CONCLUIDO,ICARAI,"{""type"":""MultiLineString"",""coordinates"":[[[-51.2428382356871,-30.0932559406203],[-51.2430172267821,-30.0934754881265],[-51.2433861481351,-30.0938130789395],[-51.2440701476195,-30.0942752458115]]]}",0,0,0,1,1
187,CONCLUIDO,WENCESLAU ESCOBAR,"{""type"":""MultiLineString"",""coordinates"":[[[-51.2481781101189,-30.0981272538183],[-51.2482571343155,-30.0984856746856]]]}",0,0,0,0,0
188,CONCLUIDO,ICARAI,"{""type"":""MultiLineString"",""coordinates"":[[[-51.2440701476195,-30.0942752458115],[-51.2478375594648,-30.0968907106621],[-51.2480311055943,-30.09741828473]]]}",0,0,0,0,0
189,CONCLUIDO,WENCESLAU ESCOBAR,"{""type"":""MultiLineString"",""coordinates"":[[[-51.2482571343155,-30.0984856746856],[-51.2485801893247,-30.0999125781057],[-51.2488121323423,-30.1005537310504]]]}",0,0,0,0,0
190,CONCLUIDO,WENCESLAU ESCOBAR,"{""type"":""MultiLineString"",""coordinates"":[[[-51.2488121323423,-30.1005537310504],[-51.2489551974298,-30.1007214694135],[-51.2493171562337,-30.1009789986745]]]}",0,0,0,0,0
191,CONCLUIDO,IGNES E FAGUNDES,"{""type"":""MultiLineString"",""coordinates"":[[[-51.1445680070185,-30.1462154469756],[-51.1450380314181,-30.1462510108481]]]}",0,0,0,0,0
192,CONCLUIDO,IGNES E FAGUNDES,"{""type"":""MultiLineString"",""coordinates"":[[[-51.1450380314181,-30.1462510108481],[-51.1452470910948,-30.1462654383668]]]}",0,0,0,0,0
193,CONCLUIDO,IGNES E FAGUNDES,"{""type"":""MultiLineString"",""coordinates"":[[[-51.1452470910948,-30.1462654383668],[-51.145549083378,-30.1462854000499]]]}",0,0,0,0,0
194,CONCLUIDO,IGNES E FAGUNDES,"{""type"":""MultiLineString"",""coordinates"":[[[-51.1507750003606,-30.1466775349604],[-51.1509838996525,-30.1466919535218]]]}",0,0,0,0,0
195,CONCLUIDO,IGNES E FAGUNDES,"{""type"":""MultiLineString"",""coordinates"":[[[-51.1418451226717,-30.1467607804963],[-51.1422740871688,-30.1465483326597]]]}",0,0,0,0,0
196,CONCLUIDO,IGNES E FAGUNDES,"{""type"":""MultiLineString"",""coordinates"":[[[-51.1355481559134,-30.1498547306961],[-51.1366142425484,-30.1493360694142]]]}",0,0,0,0,0
197,CONCLUIDO,IGNES E FAGUNDES,"{""type"":""MultiLineString"",""coordinates"":[[[-51.145549083378,-30.1462854000499],[-51.1459329821087,-30.1463120355934]]]}",0,0,0,0,0
198,CONCLUIDO,IGNES E FAGUNDES,"{""type"":""MultiLineString"",""coordinates"":[[[-51.1427150421022,-30.1463302322967],[-51.1431040757314,-30.1462069029847]]]}",0,0,0,0,0
199,CONCLUIDO,IGNES E FAGUNDES,"{""type"":""MultiLineString"",""coordinates"":[[[-51.1459329821087,-30.1463120355934],[-51.1462769833524,-30.1463364594759]]]}",0,0,0,0,0
200,CONCLUIDO,IGNES E FAGUNDES,"{""type"":""MultiLineString"",""coordinates"":[[[-51.1462769833524,-30.1463364594759],[-51.1465979581061,-30.1463620356759]]]}",0,0,0,0,0
201,CONCLUIDO,IGNES E FAGUNDES,"{""type"":""MultiLineString"",""coordinates"":[[[-51.1465979581061,-30.1463620356759],[-51.1466840795397,-30.1463675769761]]]}",0,0,0,0,0
202,CONCLUIDO,IGNES E FAGUNDES,"{""type"":""MultiLineString"",""coordinates"":[[[-51.1466840795397,-30.1463675769761],[-51.1471090218536,-30.1464031837981]]]}",0,0,0,0,0
203,CONCLUIDO,IGNES E FAGUNDES,"{""type"":""MultiLineString"",""coordinates"":[[[-51.1471090218536,-30.1464031837981],[-51.1473680423994,-30.1464254450258]]]}",0,0,0,0,0
204,CONCLUIDO,IGNES E FAGUNDES,"{""type"":""MultiLineString"",""coordinates"":[[[-51.1473680423994,-30.1464254450258],[-51.1480959543984,-30.1464832593558]]]}",0,0,0,0,0
205,CONCLUIDO,IGNES E FAGUNDES,"{""type"":""MultiLineString"",""coordinates"":[[[-51.1423901221469,-30.1464929557945],[-51.1427150421022,-30.1463302322967]]]}",0,0,0,0,0
206,CONCLUIDO,IGNES E FAGUNDES,"{""type"":""MultiLineString"",""coordinates"":[[[-51.1422740871688,-30.1465483326597],[-51.1423901221469,-30.1464929557945]]]}",0,0,0,0,0
207,CONCLUIDO,IGNES E FAGUNDES,"{""type"":""MultiLineString"",""coordinates"":[[[-51.1480959543984,-30.1464832593558],[-51.1489260405725,-30.1465443368485]]]}",0,0,0,0,0
208,CONCLUIDO,IGNES E FAGUNDES,"{""type"":""MultiLineString"",""coordinates"":[[[-51.1489260405725,-30.1465443368485],[-51.1495099221261,-30.1465865210621]]]}",0,0,0,0,0
209,CONCLUIDO,IGNES E FAGUNDES,"{""type"":""MultiLineString"",""coordinates"":[[[-51.1495099221261,-30.1465865210621],[-51.1503150302153,-30.1466442351318]]]}",0,0,0,0,0
210,CONCLUIDO,IGNES E FAGUNDES,"{""type"":""MultiLineString"",""coordinates"":[[[-51.1503150302153,-30.1466442351318],[-51.1507750003606,-30.1466775349604]]]}",0,0,0,0,0
211,CONCLUIDO,IGNES E FAGUNDES,"{""type"":""MultiLineString"",""coordinates"":[[[-51.1366142425484,-30.1493360694142],[-51.1371312344783,-30.1490829538362]]]}",0,0,0,0,0
212,CONCLUIDO,IGNES E FAGUNDES,"{""type"":""MultiLineString"",""coordinates"":[[[-51.1385162252247,-30.1483925523319],[-51.1387812054218,-30.1482671116902]]]}",0,0,0,0,0
213,CONCLUIDO,IGNES E FAGUNDES,"{""type"":""MultiLineString"",""coordinates"":[[[-51.1351412026311,-30.1500558588311],[-51.1355481559134,-30.1498547306961]]]}",0,0,0,0,0
214,CONCLUIDO,IGNES E FAGUNDES,"{""type"":""MultiLineString"",""coordinates"":[[[-51.1347891884547,-30.1502287394545],[-51.1351412026311,-30.1500558588311]]]}",0,0,0,0,0
215,CONCLUIDO,IGNES E FAGUNDES,"{""type"":""MultiLineString"",""coordinates"":[[[-51.133504337561,-30.1508930654671],[-51.1337772152434,-30.1507213964797],[-51.1342443046632,-30.1504931499074]]]}",0,0,0,0,0
216,CONCLUIDO,IGNES E FAGUNDES,"{""type"":""MultiLineString"",""coordinates"":[[[-51.1431040757314,-30.1462069029847],[-51.1433029955228,-30.1461627105216],[-51.1436329973943,-30.1461510742529]]]}",0,0,0,0,0
217,CONCLUIDO,IGNES E FAGUNDES,"{""type"":""MultiLineString"",""coordinates"":[[[-51.1436329973943,-30.1461510742529],[-51.1445680070185,-30.1462154469756]]]}",0,0,0,0,0
218,CONCLUIDO,IGNES E FAGUNDES,"{""type"":""MultiLineString"",""coordinates"":[[[-51.1414091822965,-30.1469732350205],[-51.1418451226717,-30.1467607804963]]]}",0,0,0,0,0
219,CONCLUIDO,IGNES E FAGUNDES,"{""type"":""MultiLineString"",""coordinates"":[[[-51.1509838996525,-30.1466919535218],[-51.1524389047036,-30.1467962633767],[-51.1525438749771,-30.1468254587789],[-51.1526109178493,-30.1468682282141],[-51.1526829160833,-30.1469696265419],[-51.1527779024848,-30.1471499277884]]]}",0,0,0,0,0
220,CONCLUIDO,IGNES E FAGUNDES,"{""type"":""MultiLineString"",""coordinates"":[[[-51.1409740581852,-30.1471901972239],[-51.1414091822965,-30.1469732350205]]]}",0,0,0,0,0
221,CONCLUIDO,IGNES E FAGUNDES,"{""type"":""MultiLineString"",""coordinates"":[[[-51.1406241688966,-30.1473608362438],[-51.1409740581852,-30.1471901972239]]]}",0,0,0,0,0
222,CONCLUIDO,IGNES E FAGUNDES,"{""type"":""MultiLineString"",""coordinates"":[[[-51.1527779024848,-30.1471499277884],[-51.1529438665705,-30.1475049199504]]]}",0,0,0,0,0
223,CONCLUIDO,IGNES E FAGUNDES,"{""type"":""MultiLineString"",""coordinates"":[[[-51.1401391377814,-30.1476105484086],[-51.1406241688966,-30.1473608362438]]]}",0,0,0,0,0
224,CONCLUIDO,IGNES E FAGUNDES,"{""type"":""MultiLineString"",""coordinates"":[[[-51.139885185968,-30.1477337250415],[-51.1401391377814,-30.1476105484086]]]}",0,0,0,0,0
225,CONCLUIDO,IGNES E FAGUNDES,"{""type"":""MultiLineString"",""coordinates"":[[[-51.1392171596449,-30.1480569214776],[-51.139885185968,-30.1477337250415]]]}",0,0,0,0,0
226,CONCLUIDO,IGNES E FAGUNDES,"{""type"":""MultiLineString"",""coordinates"":[[[-51.1387812054218,-30.1482671116902],[-51.1392171596449,-30.1480569214776]]]}",0,0,0,0,0
227,CONCLUIDO,IGNES E FAGUNDES,"{""type"":""MultiLineString"",""coordinates"":[[[-51.1342443046632,-30.1504931499074],[-51.1347891884547,-30.1502287394545]]]}",0,0,0,0,0
228,CONCLUIDO,IGNES E FAGUNDES,"{""type"":""MultiLineString"",""coordinates"":[[[-51.1378631148299,-30.1487191086261],[-51.1385162252247,-30.1483925523319]]]}",0,0,0,0,0
229,CONCLUIDO,IGNES E FAGUNDES,"{""type"":""MultiLineString"",""coordinates"":[[[-51.1375362349661,-30.1488829496427],[-51.1378631148299,-30.1487191086261]]]}",0,0,0,0,0
230,CONCLUIDO,IGNES E FAGUNDES,"{""type"":""MultiLineString"",""coordinates"":[[[-51.1371312344783,-30.1490829538362],[-51.1375362349661,-30.1488829496427]]]}",0,0,0,0,0
231,CONCLUIDO,JOAO WALLIG,"{""type"":""MultiLineString"",""coordinates"":[[[-51.1640676440796,-30.019747477822],[-51.1639625024947,-30.0205188842012]]]}",0,0,0,0,0
232,CONCLUIDO,JOAO WALLIG,"{""type"":""MultiLineString"",""coordinates"":[[[-51.1639625024947,-30.0205188842012],[-51.1639135079512,-30.0209620899991],[-51.1635305595979,-30.0228016730727]]]}",0,0,0,0,0
233,CONCLUIDO,JOAO WALLIG,"{""type"":""MultiLineString"",""coordinates"":[[[-51.1635305595979,-30.0228016730727],[-51.163491598191,-30.0232414835305],[-51.1634576450732,-30.0243646101055],[-51.1633915089134,-30.0279876516539]]]}",0,0,0,0,0
234,CONCLUIDO,DR NILO PECANHA,"{""type"":""MultiLineString"",""coordinates"":[[[-51.1633915089134,-30.0279876516539],[-51.1633406287799,-30.0279764390336],[-51.1632676084094,-30.0279956986835],[-51.163053644543,-30.0280016021935],[-51.1626105872326,-30.0279728332036]]]}",0,0,0,0,0
235,CONCLUIDO,DR NILO PECANHA,"{""type"":""MultiLineString"",""coordinates"":[[[-51.1626105872326,-30.0279728332036],[-51.1619016789622,-30.0280165555389]]]}",0,0,0,0,0
236,CONCLUIDO,DR NILO PECANHA,"{""type"":""MultiLineString"",""coordinates"":[[[-51.1619016789622,-30.0280165555389],[-51.1612485907758,-30.0280218681915]]]}",0,0,0,0,0
237,CONCLUIDO,PADRE CACIQUE,"{""type"":""MultiLineString"",""coordinates"":[[[-51.2435472408608,-30.0759451291081],[-51.2439471969431,-30.0764743515995],[-51.2443501802376,-30.076849088314],[-51.244426153174,-30.0769019435145]]]}",0,0,0,0,0
238,CONCLUIDO,PADRE CACIQUE,"{""type"":""MultiLineString"",""coordinates"":[[[-51.244426153174,-30.0769019435145],[-51.2447581341276,-30.0771347354205],[-51.2465681770592,-30.0781224969262],[-51.2467591363499,-30.078274362245],[-51.2468800914001,-30.0784286138026],[-51.2469862164047,-30.0786144656981],[-51.2470320746983,-30.0788083239263],[-51.2470901036899,-30.0792039956388],[-51.2471071268695,-30.0794024180634],[-51.2471001403866,-30.0795907374533],[-51.247069118224,-30.07975880569],[-51.2469991667072,-30.0799134158057],[-51.2467961442619,-30.0801911824454]]]}",0,0,0,0,0
239,CONCLUIDO,DIARIO DE NOTICIAS,"{""type"":""MultiLineString"",""coordinates"":[[[-51.2467961442619,-30.0801911824454],[-51.2465771517499,-30.0806302224137],[-51.2465231876416,-30.0808930506906],[-51.2464961040091,-30.0809506079369],[-51.2465571888075,-30.0814026535425],[-51.2466611288572,-30.0818174085486]]]}",0,0,0,0,0
240,CONCLUIDO,DIARIO DE NOTICIAS,"{""type"":""MultiLineString"",""coordinates"":[[[-51.2466611288572,-30.0818174085486],[-51.2490940927376,-30.0913386213213]]]}",0,0,0,0,0
241,CONCLUIDO,DIARIO DE NOTICIAS,"{""type"":""MultiLineString"",""coordinates"":[[[-51.2490940927376,-30.0913386213213],[-51.249748080574,-30.0937853550663],[-51.2498901261977,-30.0941312522292],[-51.2502310543172,-30.0946707139656],[-51.2503490544075,-30.0949287044691]]]}",0,0,0,0,0
242,CONCLUIDO,EDVALDO PEREIRA PAIVA,"{""type"":""MultiLineString"",""coordinates"":[[[-51.2435472408608,-30.0759451291081],[-51.2425591775967,-30.0741484605415],[-51.2415631578607,-30.0726630122771],[-51.2406892054459,-30.0707161509369],[-51.2381972312241,-30.0634049218186],[-51.237707217169,-30.0625826715953],[-51.2371952435979,-30.061993869275],[-51.2356012976214,-30.0604102220494],[-51.2348883099331,-30.0596323354798],[-51.2345523080083,-30.059240535649],[-51.2343778292676,-30.0589946783137],[-51.2342100978175,-30.0587452930845],[-51.2340492078273,-30.0584925200492],[-51.2338952496215,-30.058236501197],[-51.2337483096285,-30.0579773803399],[-51.2336084703326,-30.057715303031],[-51.2334758102276,-30.0574504164828],[-51.2333504037726,-30.057182869485],[-51.2332323213508,-30.0569128123203],[-51.2332238043893,-30.0568926155429],[-51.2331343179697,-30.0566722819491],[-51.2330507785509,-30.0564501883547],[-51.2329732317754,-30.0562264562079],[-51.2329017200075,-30.056001207852],[-51.2328362823107,-30.0557745664585],[-51.2327769544263,-30.05554665596],[-51.2326753960974,-30.0551336011068],[-51.2326713129907,-30.0551169720516],[-51.2326681775894,-30.055104096664],[-51.2326632789951,-30.0550837914674],[-51.2326105532262,-30.0548482469324],[-51.2325650934255,-30.0546115591094]]]}",0,0,0,0,0
243,CONCLUIDO,JOAQUIM SILVEIRA,"{""type"":""MultiLineString"",""coordinates"":[[[-51.1426289228322,-29.9993223518056],[-51.1426728671935,-29.9985724507202]]]}",0,0,0,0,0
244,CONCLUIDO,JOAQUIM SILVEIRA,"{""type"":""MultiLineString"",""coordinates"":[[[-51.1425868593173,-30.0000294018439],[-51.1426289228322,-29.9993223518056]]]}",0,0,0,0,0
245,CONCLUIDO,JOAQUIM SILVEIRA,"{""type"":""MultiLineString"",""coordinates"":[[[-51.1426728671935,-29.9985724507202],[-51.1427168695043,-29.9977503831043]]]}",0,0,0,0,0
246,CONCLUIDO,JOAQUIM SILVEIRA,"{""type"":""MultiLineString"",""coordinates"":[[[-51.1425599482269,-30.0006879488453],[-51.142584997178,-30.0000857842498]]]}",0,0,0,0,0
247,CONCLUIDO,JOAQUIM SILVEIRA,"{""type"":""MultiLineString"",""coordinates"":[[[-51.1424719426874,-30.0021088190112],[-51.1425149885474,-30.0014085333272]]]}",0,0,0,0,0
248,CONCLUIDO,JOAQUIM SILVEIRA,"{""type"":""MultiLineString"",""coordinates"":[[[-51.1425149885474,-30.0014085333272],[-51.1425599482269,-30.0006879488453]]]}",0,0,0,0,0
249,CONCLUIDO,JOAQUIM SILVEIRA,"{""type"":""MultiLineString"",""coordinates"":[[[-51.1424748650525,-30.003247690365],[-51.1424508576376,-30.0028789915287],[-51.1424719426874,-30.0021088190112]]]}",0,0,0,0,0
250,CONCLUIDO,JOAQUIM SILVEIRA,"{""type"":""MultiLineString"",""coordinates"":[[[-51.142509875094,-30.0036096115298],[-51.1424748650525,-30.003247690365]]]}",0,0,0,0,0
251,CONCLUIDO,JOAQUIM SILVEIRA,"{""type"":""MultiLineString"",""coordinates"":[[[-51.1427528513714,-30.0059197971293],[-51.1427009867841,-30.0055500011734]]]}",0,0,0,0,0
252,CONCLUIDO,JOAQUIM SILVEIRA,"{""type"":""MultiLineString"",""coordinates"":[[[-51.1427009867841,-30.0055500011734],[-51.142509875094,-30.0036096115298]]]}",0,0,0,0,0
253,CONCLUIDO,JOAQUIM SILVEIRA,"{""type"":""MultiLineString"",""coordinates"":[[[-51.1428209143972,-30.0066312377395],[-51.1427919887552,-30.0064485983885],[-51.1427528513714,-30.0059197971293]]]}",0,0,0,0,0
254,CONCLUIDO,JOAQUIM SILVEIRA,"{""type"":""MultiLineString"",""coordinates"":[[[-51.142964851605,-30.0080777899017],[-51.1428209143972,-30.0066312377395]]]}",0,0,0,0,1
255,CONCLUIDO,JOAQUIM SILVEIRA,"{""type"":""MultiLineString"",""coordinates"":[[[-51.143016987008,-30.0086347658002],[-51.142964851605,-30.0080777899017]]]}",0,0,0,0,1
256,CONCLUIDO,JOSE DO PATROCINIO,"{""type"":""MultiLineString"",""coordinates"":[[[-51.2260585106415,-30.0371580675132],[-51.2255205211991,-30.0376540029997]]]}",0,0,0,4,5
257,CONCLUIDO,JOSE DO PATROCINIO,"{""type"":""MultiLineString"",""coordinates"":[[[-51.2255205211991,-30.0376540029997],[-51.2246444915258,-30.0384583459469]]]}",0,0,0,2,5
258,CONCLUIDO,JOSE DO PATROCINIO,"{""type"":""MultiLineString"",""coordinates"":[[[-51.2246444915258,-30.0384583459469],[-51.2241234469229,-30.0389316946462]]]}",0,0,0,2,3
259,CONCLUIDO,JOSE DO PATROCINIO,"{""type"":""MultiLineString"",""coordinates"":[[[-51.2241234469229,-30.0389316946462],[-51.2229265078789,-30.040110932516]]]}",0,0,0,0,3
260,CONCLUIDO,JOSE DO PATROCINIO,"{""type"":""MultiLineString"",""coordinates"":[[[-51.2229265078789,-30.040110932516],[-51.2223486167437,-30.0406711950665]]]}",0,0,0,0,0
261,CONCLUIDO,JOSE DO PATROCINIO,"{""type"":""MultiLineString"",""coordinates"":[[[-51.2223486167437,-30.0406711950665],[-51.2216215528015,-30.04139295184]]]}",0,0,0,0,1
262,CONCLUIDO,JOSE DO PATROCINIO,"{""type"":""MultiLineString"",""coordinates"":[[[-51.2216215528015,-30.04139295184],[-51.2210565998926,-30.0419498037263]]]}",0,0,0,0,1
263,CONCLUIDO,JOSE DO PATROCINIO,"{""type"":""MultiLineString"",""coordinates"":[[[-51.2210565998926,-30.0419498037263],[-51.2199055414815,-30.043104129587]]]}",0,0,0,1,1
264,CONCLUIDO,GUAIBA,"{""type"":""MultiLineString"",""coordinates"":[[[-51.2358754201835,-30.1338579963636],[-51.2338254387404,-30.1349272195453]]]}",0,0,0,0,0
265,CONCLUIDO,GUAIBA,"{""type"":""MultiLineString"",""coordinates"":[[[-51.2338254387404,-30.1349272195453],[-51.2329115366534,-30.1354058073569]]]}",0,0,0,0,0
266,CONCLUIDO,GUAIBA,"{""type"":""MultiLineString"",""coordinates"":[[[-51.2329115366534,-30.1354058073569],[-51.2325168203364,-30.135613786984],[-51.2320574217515,-30.1360060607221]]]}",0,0,0,0,0
267,CONCLUIDO,GUAIBA,"{""type"":""MultiLineString"",""coordinates"":[[[-51.2320574217515,-30.1360060607221],[-51.2313275634762,-30.1366308963836]]]}",0,0,0,0,0
268,CONCLUIDO,GUAIBA,"{""type"":""MultiLineString"",""coordinates"":[[[-51.2313275634762,-30.1366308963836],[-51.2304314255834,-30.1373392902172]]]}",0,0,0,0,0
269,CONCLUIDO,GUAIBA,"{""type"":""MultiLineString"",""coordinates"":[[[-51.2304314255834,-30.1373392902172],[-51.2297217626588,-30.1379065385131]]]}",0,0,0,0,0
270,CONCLUIDO,GUAIBA,"{""type"":""MultiLineString"",""coordinates"":[[[-51.2297217626588,-30.1379065385131],[-51.2290772175747,-30.1385823313983]]]}",0,0,0,0,0
271,CONCLUIDO,DONA ADDA MASCARENHAS DE MORAES,"{""type"":""MultiLineString"",""coordinates"":[[[-51.1355000458912,-30.0107716231431],[-51.1355601034834,-30.0113477636449]]]}",0,0,0,0,0
272,CONCLUIDO,DONA ADDA MASCARENHAS DE MORAES,"{""type"":""MultiLineString"",""coordinates"":[[[-51.1355601034834,-30.0113477636449],[-51.1356070878301,-30.0117186946905]]]}",0,0,0,0,0
273,CONCLUIDO,DONA ADDA MASCARENHAS DE MORAES,"{""type"":""MultiLineString"",""coordinates"":[[[-51.1357691026653,-30.0133106951218],[-51.1358460304031,-30.0140232570115]]]}",0,0,0,0,0
274,CONCLUIDO,DONA ADDA MASCARENHAS DE MORAES,"{""type"":""MultiLineString"",""coordinates"":[[[-51.1356070878301,-30.0117186946905],[-51.1356450781893,-30.0120253619974]]]}",0,0,0,0,0
275,CONCLUIDO,DONA ADDA MASCARENHAS DE MORAES,"{""type"":""MultiLineString"",""coordinates"":[[[-51.1356450781893,-30.0120253619974],[-51.1357250315551,-30.0127018378758]]]}",0,0,0,0,0
276,CONCLUIDO,DONA ADDA MASCARENHAS DE MORAES,"{""type"":""MultiLineString"",""coordinates"":[[[-51.1357250315551,-30.0127018378758],[-51.1357691026653,-30.0133106951218]]]}",0,0,0,0,0
277,CONCLUIDO,DONA ADDA MASCARENHAS DE MORAES,"{""type"":""MultiLineString"",""coordinates"":[[[-51.1365370538334,-30.0203776745125],[-51.1366006529351,-30.0210932596057],[-51.1366880690761,-30.0220768047037]]]}",0,0,0,0,0
278,CONCLUIDO,DONA ADDA MASCARENHAS DE MORAES,"{""type"":""MultiLineString"",""coordinates"":[[[-51.1363020687749,-30.0182659309511],[-51.1364091174127,-30.0192062355805]]]}",0,0,0,0,0
279,CONCLUIDO,DONA ADDA MASCARENHAS DE MORAES,"{""type"":""MultiLineString"",""coordinates"":[[[-51.1358460304031,-30.0140232570115],[-51.1359711010412,-30.0148846115291]]]}",0,0,0,0,0
280,CONCLUIDO,DONA ADDA MASCARENHAS DE MORAES,"{""type"":""MultiLineString"",""coordinates"":[[[-51.1359711010412,-30.0148846115291],[-51.1360060021899,-30.0152995310504]]]}",0,0,0,0,0
281,CONCLUIDO,DONA ADDA MASCARENHAS DE MORAES,"{""type"":""MultiLineString"",""coordinates"":[[[-51.1360060021899,-30.0152995310504],[-51.1360951096707,-30.0160335046791]]]}",0,0,0,0,0
282,CONCLUIDO,DONA ADDA MASCARENHAS DE MORAES,"{""type"":""MultiLineString"",""coordinates"":[[[-51.1360951096707,-30.0160335046791],[-51.13618111946,-30.0167516942967]]]}",0,0,0,0,0
283,CONCLUIDO,DONA ADDA MASCARENHAS DE MORAES,"{""type"":""MultiLineString"",""coordinates"":[[[-51.13618111946,-30.0167516942967],[-51.1362310806177,-30.017401138085]]]}",0,0,0,0,0
284,CONCLUIDO,DONA ADDA MASCARENHAS DE MORAES,"{""type"":""MultiLineString"",""coordinates"":[[[-51.1362310806177,-30.017401138085],[-51.1363020687749,-30.0182659309511]]]}",0,0,0,0,0
285,CONCLUIDO,DONA ADDA MASCARENHAS DE MORAES,"{""type"":""MultiLineString"",""coordinates"":[[[-51.1364091174127,-30.0192062355805],[-51.1365370538334,-30.0203776745125]]]}",0,0,0,0,0
286,CONCLUIDO,DR BARROS CASSAL,"{""type"":""MultiLineString"",""coordinates"":[[[-51.2173256483091,-30.0306316289966],[-51.2173277026596,-30.031722006601]]]}",0,0,1,1,2
287,CONCLUIDO,GEN JOAO TELLES,"{""type"":""MultiLineString"",""coordinates"":[[[-51.2124007773633,-30.031638718037],[-51.2125116596398,-30.032210227653]]]}",0,0,0,0,0
288,CONCLUIDO,DR BARROS CASSAL,"{""type"":""MultiLineString"",""coordinates"":[[[-51.2173277026596,-30.031722006601],[-51.2173305755978,-30.032964607549]]]}",0,1,1,1,1
289,CONCLUIDO,GEN JOAO TELLES,"{""type"":""MultiLineString"",""coordinates"":[[[-51.2125116596398,-30.032210227653],[-51.2126716497236,-30.0330207073968]]]}",0,0,0,0,0
290,CONCLUIDO,MARIANTE,"{""type"":""MultiLineString"",""coordinates"":[[[-51.2037934706537,-30.0327663924592],[-51.2039969780849,-30.0331877964766]]]}",0,0,0,0,0
291,CONCLUIDO,MARIANTE,"{""type"":""MultiLineString"",""coordinates"":[[[-51.2039969780849,-30.0331877964766],[-51.2042119065306,-30.0338065110014]]]}",0,0,0,0,0
292,CONCLUIDO,LOUREIRO DA SILVA,"{""type"":""MultiLineString"",""coordinates"":[[[-51.2209584836367,-30.0344548777057],[-51.2207005152653,-30.0342715130641],[-51.2206465189714,-30.0342467964939],[-51.2205675832171,-30.0342255048494],[-51.2203806347604,-30.0342190524572]]]}",0,0,0,0,4
293,CONCLUIDO,GEN JOAO TELLES,"{""type"":""MultiLineString"",""coordinates"":[[[-51.2126716497236,-30.0330207073968],[-51.2130007826802,-30.0346766065495]]]}",0,0,0,0,0
294,CONCLUIDO,LOUREIRO DA SILVA,"{""type"":""MultiLineString"",""coordinates"":[[[-51.2213495477462,-30.0346842485337],[-51.2209584836367,-30.0344548777057]]]}",0,0,0,0,4
295,CONCLUIDO,LOUREIRO DA SILVA,"{""type"":""MultiLineString"",""coordinates"":[[[-51.2365203402021,-30.036887093479],[-51.2351122350431,-30.0369956104053],[-51.2328043276075,-30.0372737199158]]]}",0,0,0,0,1
296,CONCLUIDO,LOUREIRO DA SILVA,"{""type"":""MultiLineString"",""coordinates"":[[[-51.2372812529015,-30.0371732590421],[-51.2365203402021,-30.036887093479]]]}",0,0,0,0,1
297,CONCLUIDO,SILVA SO,"{""type"":""MultiLineString"",""coordinates"":[[[-51.2046678776729,-30.0430170904714],[-51.2046838988214,-30.0434816322619]]]}",0,0,0,0,1
298,CONCLUIDO,ERICO VERISSIMO,"{""type"":""MultiLineString"",""coordinates"":[[[-51.2183375783895,-30.047859529068],[-51.2182556528528,-30.0483264868262]]]}",0,1,1,1,1
299,CONCLUIDO,FREI GERMANO,"{""type"":""MultiLineString"",""coordinates"":[[[-51.1670835568533,-30.0559348749173],[-51.167152625961,-30.0554803690375]]]}",0,0,0,0,1
300,CONCLUIDO,IPIRANGA,"{""type"":""MultiLineString"",""coordinates"":[[[-51.149925799885,-30.0646966222194],[-51.1497560247362,-30.0650321779908],[-51.1494288651121,-30.0655834717547]]]}",0,0,0,0,1
301,CONCLUIDO,IPIRANGA,"{""type"":""MultiLineString"",""coordinates"":[[[-51.150168813271,-30.0639160536497],[-51.149925799885,-30.0646966222194]]]}",0,0,0,1,1
302,CONCLUIDO,IPIRANGA,"{""type"":""MultiLineString"",""coordinates"":[[[-51.1494288651121,-30.0655834717547],[-51.1491749485915,-30.065907377821],[-51.1487098800968,-30.066331877605],[-51.1483463454444,-30.0666083817622],[-51.1477114773914,-30.0669213963772],[-51.1469158623402,-30.0671660539995],[-51.1448640114177,-30.0676723625091]]]}",0,0,0,0,0
303,CONCLUIDO,IPIRANGA,"{""type"":""MultiLineString"",""coordinates"":[[[-51.1448640114177,-30.0676723625091],[-51.1435029476657,-30.0680764040912]]]}",0,0,0,0,0
304,CONCLUIDO,ECON NILO WULFF,"{""type"":""MultiLineString"",""coordinates"":[[[-51.1478700454741,-30.1494163326553],[-51.1490719665213,-30.1488985447124]]]}",0,0,0,1,1
305,CONCLUIDO,ECON NILO WULFF,"{""type"":""MultiLineString"",""coordinates"":[[[-51.1506059848633,-30.1483645789601],[-51.1509890162341,-30.1482412332081]]]}",0,0,0,0,0
306,CONCLUIDO,ECON NILO WULFF,"{""type"":""MultiLineString"",""coordinates"":[[[-51.1501248854276,-30.1485196075576],[-51.1506059848633,-30.1483645789601]]]}",0,0,0,0,0
307,CONCLUIDO,ECON NILO WULFF,"{""type"":""MultiLineString"",""coordinates"":[[[-51.1462110594665,-30.1501296898895],[-51.1470230530438,-30.1497814906228]]]}",0,0,0,0,1
308,CONCLUIDO,ECON NILO WULFF,"{""type"":""MultiLineString"",""coordinates"":[[[-51.1458050525737,-30.1502981501432],[-51.1462110594665,-30.1501296898895]]]}",0,0,0,0,1
309,CONCLUIDO,ECON NILO WULFF,"{""type"":""MultiLineString"",""coordinates"":[[[-51.1522779860909,-30.1478236696879],[-51.1529488777225,-30.1475996305696],[-51.1529438665705,-30.1475049199504]]]}",0,0,0,0,0
310,CONCLUIDO,ECON NILO WULFF,"{""type"":""MultiLineString"",""coordinates"":[[[-51.1513910097082,-30.1481110994623],[-51.1522779860909,-30.1478236696879]]]}",0,0,0,0,0
311,CONCLUIDO,ECON NILO WULFF,"{""type"":""MultiLineString"",""coordinates"":[[[-51.1509890162341,-30.1482412332081],[-51.1513910097082,-30.1481110994623]]]}",0,0,0,0,0
312,CONCLUIDO,ECON NILO WULFF,"{""type"":""MultiLineString"",""coordinates"":[[[-51.1499099318543,-30.1485796148305],[-51.1501248854276,-30.1485196075576]]]}",0,0,0,0,0
313,CONCLUIDO,ECON NILO WULFF,"{""type"":""MultiLineString"",""coordinates"":[[[-51.1498019750204,-30.1486135654256],[-51.1499099318543,-30.1485796148305]]]}",0,0,0,0,0
314,CONCLUIDO,ECON NILO WULFF,"{""type"":""MultiLineString"",""coordinates"":[[[-51.1494949821266,-30.1487244174663],[-51.1498019750204,-30.1486135654256]]]}",0,0,0,0,0
315,CONCLUIDO,ECON NILO WULFF,"{""type"":""MultiLineString"",""coordinates"":[[[-51.1493139447963,-30.1487990432234],[-51.1494949821266,-30.1487244174663]]]}",0,0,0,0,0
316,CONCLUIDO,ECON NILO WULFF,"{""type"":""MultiLineString"",""coordinates"":[[[-51.1490719665213,-30.1488985447124],[-51.1493139447963,-30.1487990432234]]]}",0,0,0,0,1
317,CONCLUIDO,ECON NILO WULFF,"{""type"":""MultiLineString"",""coordinates"":[[[-51.1473909593898,-30.1496232174734],[-51.1478700454741,-30.1494163326553]]]}",0,0,0,1,1
318,CONCLUIDO,ECON NILO WULFF,"{""type"":""MultiLineString"",""coordinates"":[[[-51.1472609741074,-30.1496774868855],[-51.1473909593898,-30.1496232174734]]]}",0,0,0,1,1
319,CONCLUIDO,ECON NILO WULFF,"{""type"":""MultiLineString"",""coordinates"":[[[-51.1470230530438,-30.1497814906228],[-51.1472609741074,-30.1496774868855]]]}",0,0,0,1,1
320,CONCLUIDO,ECON NILO WULFF,"{""type"":""MultiLineString"",""coordinates"":[[[-51.1419421042824,-30.1522000897011],[-51.1423410289766,-30.151833196832]]]}",0,0,0,0,0
321,CONCLUIDO,ECON NILO WULFF,"{""type"":""MultiLineString"",""coordinates"":[[[-51.1416440895294,-30.1524789222304],[-51.1419421042824,-30.1522000897011]]]}",0,0,0,0,0
322,CONCLUIDO,ECON NILO WULFF,"{""type"":""MultiLineString"",""coordinates"":[[[-51.1427550943879,-30.1516207631231],[-51.1458050525737,-30.1502981501432]]]}",0,0,0,0,1
323,CONCLUIDO,ECON NILO WULFF,"{""type"":""MultiLineString"",""coordinates"":[[[-51.1423410289766,-30.151833196832],[-51.1425200860351,-30.1517270105214],[-51.1427550943879,-30.1516207631231]]]}",0,0,0,0,0
324,CONCLUIDO,ECON NILO WULFF,"{""type"":""MultiLineString"",""coordinates"":[[[-51.141145080563,-30.1529507851127],[-51.1416440895294,-30.1524789222304]]]}",0,0,0,0,0
325,CONCLUIDO,ECON NILO WULFF,"{""type"":""MultiLineString"",""coordinates"":[[[-51.1409861933212,-30.153100923282],[-51.141145080563,-30.1529507851127]]]}",0,0,0,0,0
326,CONCLUIDO,ECON NILO WULFF,"{""type"":""MultiLineString"",""coordinates"":[[[-51.1406551325,-30.1534113607807],[-51.1409861933212,-30.153100923282]]]}",0,0,0,0,0
327,CONCLUIDO,ECON NILO WULFF,"{""type"":""MultiLineString"",""coordinates"":[[[-51.1401570889347,-30.1538843469025],[-51.1406551325,-30.1534113607807]]]}",0,0,0,0,0
328,CONCLUIDO,ECON NILO WULFF,"{""type"":""MultiLineString"",""coordinates"":[[[-51.1395791912947,-30.1544340907068],[-51.1401570889347,-30.1538843469025]]]}",0,0,0,0,0
329,CONCLUIDO,ECON NILO WULFF,"{""type"":""MultiLineString"",""coordinates"":[[[-51.1392581890215,-30.1547524070195],[-51.1395791912947,-30.1544340907068]]]}",0,0,0,0,0
330,CONCLUIDO,DEA COUFAL,"{""type"":""MultiLineString"",""coordinates"":[[[-51.2349513882852,-30.1332688045054],[-51.2334114059674,-30.1322837972009]]]}",0,0,0,0,0
331,CONCLUIDO,DEA COUFAL,"{""type"":""MultiLineString"",""coordinates"":[[[-51.2358754201835,-30.1338579963636],[-51.2356593805523,-30.1336982687766],[-51.2349513882852,-30.1332688045054]]]}",0,0,0,0,0
332,CONCLUIDO,ECOVILLE,"{""type"":""MultiLineString"",""coordinates"":[[[-51.1224883472522,-29.998681857736],[-51.1227592716775,-29.9992194701228]]]}",0,0,0,0,0
333,CONCLUIDO,ECOVILLE,"{""type"":""MultiLineString"",""coordinates"":[[[-51.1223233539258,-29.9939393244214],[-51.1222063064701,-29.9946193760464],[-51.1220322431024,-29.9954178789048]]]}",0,0,0,0,0
334,CONCLUIDO,ECOVILLE,"{""type"":""MultiLineString"",""coordinates"":[[[-51.1220322431024,-29.9954178789048],[-51.122062222381,-29.996230850874],[-51.1221093444855,-29.996760779419]]]}",0,0,0,0,0
335,CONCLUIDO,ECOVILLE,"{""type"":""MultiLineString"",""coordinates"":[[[-51.1221093444855,-29.996760779419],[-51.1221473597031,-29.9972591432621],[-51.1221932417378,-29.9975691904821]]]}",0,0,0,0,0
336,CONCLUIDO,ECOVILLE,"{""type"":""MultiLineString"",""coordinates"":[[[-51.1221932417378,-29.9975691904821],[-51.122251325061,-29.9979254584452],[-51.1223902090372,-29.9984113250425],[-51.1224883472522,-29.998681857736]]]}",0,0,0,0,0
337,CONCLUIDO,ECOVILLE,"{""type"":""MultiLineString"",""coordinates"":[[[-51.1227592716775,-29.9992194701228],[-51.1229972508243,-29.9998270245842],[-51.123125323586,-30.0002080333801]]]}",0,0,0,0,0
338,CONCLUIDO,ECOVILLE,"{""type"":""MultiLineString"",""coordinates"":[[[-51.123125323586,-30.0002080333801],[-51.1232942989149,-30.0007953544998],[-51.1233782288126,-30.0016195513668],[-51.1233312158707,-30.0024946124144],[-51.1231882498782,-30.0033009794006]]]}",0,0,0,0,0
339,CONCLUIDO,ECOVILLE,"{""type"":""MultiLineString"",""coordinates"":[[[-51.1231882498782,-30.0033009794006],[-51.1231223105812,-30.0035389642597]]]}",0,0,0,0,0
340,CONCLUIDO,ECOVILLE,"{""type"":""MultiLineString"",""coordinates"":[[[-51.1231223105812,-30.0035389642597],[-51.1229722957337,-30.004016078902],[-51.1227032228394,-30.0051258872044],[-51.1226723009835,-30.0055284689667]]]}",0,0,0,0,0
341,CONCLUIDO,ECOVILLE,"{""type"":""MultiLineString"",""coordinates"":[[[-51.1226723009835,-30.0055284689667],[-51.1226712103814,-30.0055634256129]]]}",0,0,0,0,0
342,CONCLUIDO,IPIRANGA,"{""type"":""MultiLineString"",""coordinates"":[[[-51.2104068286629,-30.0462419616826],[-51.2095657697028,-30.0457437826519]]]}",0,0,0,0,1
343,CONCLUIDO,IPIRANGA,"{""type"":""MultiLineString"",""coordinates"":[[[-51.2118077731111,-30.0471090845852],[-51.2116996617249,-30.0470089033003],[-51.2104068286629,-30.0462419616826]]]}",0,0,0,0,2
344,CONCLUIDO,MONTEVIDEO,"{""type"":""MultiLineString"",""coordinates"":[[[-51.2281764531024,-30.0284099449525],[-51.2287694093297,-30.0286006057206]]]}",0,0,0,0,0
345,CONCLUIDO,SETE DE SETEMBRO,"{""type"":""MultiLineString"",""coordinates"":[[[-51.2300293900098,-30.0290686144755],[-51.2287694093297,-30.0286006057206]]]}",0,0,0,0,0
346,CONCLUIDO,SETE DE SETEMBRO,"{""type"":""MultiLineString"",""coordinates"":[[[-51.2336672980965,-30.030313830259],[-51.2331582609052,-30.0301365737993],[-51.2322743721778,-30.0298776635763]]]}",0,0,0,0,0
347,CONCLUIDO,SETE DE SETEMBRO,"{""type"":""MultiLineString"",""coordinates"":[[[-51.2346962396646,-30.0306717004076],[-51.2336672980965,-30.030313830259]]]}",0,0,0,0,0
348,CONCLUIDO,SETE DE SETEMBRO,"{""type"":""MultiLineString"",""coordinates"":[[[-51.2355463589631,-30.030961099477],[-51.2346962396646,-30.0306717004076]]]}",0,0,0,0,0
349,CONCLUIDO,SETE DE SETEMBRO,"{""type"":""MultiLineString"",""coordinates"":[[[-51.2360633370911,-30.0311360773597],[-51.2355463589631,-30.030961099477]]]}",0,0,0,0,0
350,CONCLUIDO,RICARDO LEONIDAS RIBAS,"{""type"":""MultiLineString"",""coordinates"":[[[-51.1310032298669,-30.1472219505697],[-51.1339243198251,-30.1462853717697]]]}",0,0,0,0,1
351,CONCLUIDO,SETE MIL CENTO VINTE CINCO,"{""type"":""MultiLineString"",""coordinates"":[[[-51.1312432354629,-30.1434161472862],[-51.1317852249358,-30.1438034899843],[-51.1320213277702,-30.1440377882623],[-51.1326062173886,-30.1444859735352],[-51.1328402215246,-30.1447247824378],[-51.1339243198251,-30.1462853717697]]]}",0,0,0,0,0
352,CONCLUIDO,SETE MIL CENTO VINTE CINCO,"{""type"":""MultiLineString"",""coordinates"":[[[-51.1281053676582,-30.141200179403],[-51.1301143145856,-30.1426144378382]]]}",0,0,0,0,0
353,CONCLUIDO,SETE MIL CENTO VINTE CINCO,"{""type"":""MultiLineString"",""coordinates"":[[[-51.1301143145856,-30.1426144378382],[-51.1312432354629,-30.1434161472862]]]}",0,0,0,0,0
354,CONCLUIDO,SETE MIL CENTO VINTE UM,"{""type"":""MultiLineString"",""coordinates"":[[[-51.1301143145856,-30.1426144378382],[-51.130344245443,-30.1423526123722],[-51.1306672212431,-30.1420636321179],[-51.1309533416443,-30.1418648938267],[-51.13124323759,-30.1417022335333],[-51.1314463089191,-30.1416118243613],[-51.1319003129383,-30.1414489981947],[-51.1322482070672,-30.1413674627941],[-51.1325862566391,-30.1413220188153]]]}",0,0,0,0,0
355,CONCLUIDO,SETE MIL CENTO VINTE UM,"{""type"":""MultiLineString"",""coordinates"":[[[-51.1287123009416,-30.1446657506224],[-51.1291223119002,-30.1443293308927],[-51.1293803837928,-30.1440043353088],[-51.12960239415,-30.1436342718246],[-51.12971029685,-30.1433094237343],[-51.129808286076,-30.1430928325229],[-51.1299302755023,-30.1428762174801],[-51.1301143145856,-30.1426144378382]]]}",0,0,0,0,0
356,CONCLUIDO,\N,"{""type"":""MultiLineString"",""coordinates"":[[[-51.2466611288572,-30.0818174085486],[-51.2464930982511,-30.0815685280344],[-51.2464121776779,-30.081417584263],[-51.2462951788008,-30.0812915144122],[-51.24617915481,-30.0812319697306],[-51.2460051094424,-30.0812368062164],[-51.2458661337348,-30.0812675107484],[-51.2456391323855,-30.08128823151]]]}",0,0,0,0,0
357,CONCLUIDO,\N,"{""type"":""MultiLineString"",""coordinates"":[[[-51.2173256483091,-30.0306316289966],[-51.2167126645218,-30.0306123435891]]]}",0,0,0,0,2
358,CONCLUIDO,IPIRANGA,"{""type"":""MultiLineString"",""coordinates"":[[[-51.1774544295423,-30.0584200248079],[-51.1750729023662,-30.0573824533511]]]}",0,0,0,0,0
359,CONCLUIDO,IPIRANGA,"{""type"":""MultiLineString"",""coordinates"":[[[-51.1842332269656,-30.0580927224441],[-51.1835121982647,-30.0584398999432]]]}",0,0,0,0,0
360,CONCLUIDO,IPIRANGA,"{""type"":""MultiLineString"",""coordinates"":[[[-51.1796273892928,-30.0591409857873],[-51.1792163716062,-30.0590784016886],[-51.1784172806244,-30.0588269086449],[-51.1774544295423,-30.0584200248079]]]}",0,0,0,0,0
361,CONCLUIDO,IPIRANGA,"{""type"":""MultiLineString"",""coordinates"":[[[-51.1835121982647,-30.0584398999432],[-51.1828222510916,-30.058774627024],[-51.1824422465772,-30.058925124212],[-51.1818402823662,-30.0590872031647],[-51.1812153509143,-30.0591839104881],[-51.180589342251,-30.0592231095577],[-51.1801113228926,-30.0592045962604],[-51.1796273892928,-30.0591409857873]]]}",0,0,0,0,0
362,CONCLUIDO,GOMES DE FREITAS,"{""type"":""MultiLineString"",""coordinates"":[[[-51.1431499336521,-30.0098682134098],[-51.1431428688397,-30.010699260267]]]}",0,0,0,0,1
363,CONCLUIDO,GOMES DE FREITAS,"{""type"":""MultiLineString"",""coordinates"":[[[-51.1431428688397,-30.010699260267],[-51.1432199717707,-30.0113858830254]]]}",0,0,0,0,0
364,CONCLUIDO,GOMES DE FREITAS,"{""type"":""MultiLineString"",""coordinates"":[[[-51.1432199717707,-30.0113858830254],[-51.1432889555023,-30.0120567285782]]]}",0,0,0,0,0
365,CONCLUIDO,GOMES DE FREITAS,"{""type"":""MultiLineString"",""coordinates"":[[[-51.1432889555023,-30.0120567285782],[-51.1433608653811,-30.0127343359854]]]}",0,0,0,0,0
366,CONCLUIDO,GOMES DE FREITAS,"{""type"":""MultiLineString"",""coordinates"":[[[-51.1433608653811,-30.0127343359854],[-51.1434228691775,-30.0133927850028]]]}",0,0,0,0,0
367,CONCLUIDO,GOMES DE FREITAS,"{""type"":""MultiLineString"",""coordinates"":[[[-51.1434228691775,-30.0133927850028],[-51.1434519904733,-30.0137096078884]]]}",0,0,0,0,0
368,CONCLUIDO,TRES MENINAS,"{""type"":""MultiLineString"",""coordinates"":[[[-51.1925471066893,-30.1225593397849],[-51.192473154489,-30.1228007491405],[-51.1926061486721,-30.1233248771551],[-51.1927731082637,-30.1240564297582],[-51.192794222877,-30.1242424484907],[-51.1926051863821,-30.124249491477],[-51.1900859824605,-30.1240704451962],[-51.1879583410608,-30.1248857661706],[-51.186044245766,-30.1249495906481],[-51.1840475802363,-30.1253757332012],[-51.1797015089911,-30.1291897967011]]]}",0,0,0,0,0
369,CONCLUIDO,LYDIA MOSCHETTI,"{""type"":""MultiLineString"",""coordinates"":[[[-51.1163434295091,-30.0164775515689],[-51.1164533540853,-30.0178238047416]]]}",0,0,0,0,0
370,CONCLUIDO,LYDIA MOSCHETTI,"{""type"":""MultiLineString"",""coordinates"":[[[-51.1164533540853,-30.0178238047416],[-51.1165414258183,-30.018901709375]]]}",0,0,0,0,1
371,CONCLUIDO,LYDIA MOSCHETTI,"{""type"":""MultiLineString"",""coordinates"":[[[-51.1165414258183,-30.018901709375],[-51.1166234906557,-30.0198273929437]]]}",0,0,0,0,1
372,CONCLUIDO,SARGENTO SILVIO DELMAR HOLLENBACH,"{""type"":""MultiLineString"",""coordinates"":[[[-51.1096674676016,-30.0187035220096],[-51.1097215180122,-30.019398076444]]]}",0,0,0,0,0
373,CONCLUIDO,SARGENTO SILVIO DELMAR HOLLENBACH,"{""type"":""MultiLineString"",""coordinates"":[[[-51.1095374863304,-30.0172986445623],[-51.1096066030887,-30.0179976973303]]]}",0,0,0,0,0
374,CONCLUIDO,SARGENTO SILVIO DELMAR HOLLENBACH,"{""type"":""MultiLineString"",""coordinates"":[[[-51.1096066030887,-30.0179976973303],[-51.1096674676016,-30.0187035220096]]]}",0,0,0,0,0
375,CONCLUIDO,SARGENTO SILVIO DELMAR HOLLENBACH,"{""type"":""MultiLineString"",""coordinates"":[[[-51.1097215180122,-30.019398076444],[-51.1097784973028,-30.0201039041576]]]}",0,0,0,0,0
376,CONCLUIDO,SARGENTO SILVIO DELMAR HOLLENBACH,"{""type"":""MultiLineString"",""coordinates"":[[[-51.1097784973028,-30.0201039041576],[-51.1098465429788,-30.0208570820081]]]}",0,0,0,0,0
377,CONCLUIDO,HOMERO GUERREIRO,"{""type"":""MultiLineString"",""coordinates"":[[[-51.1226950761828,-30.0057438191488],[-51.1226712103814,-30.0055634256129]]]}",0,0,0,0,0
378,CONCLUIDO,HOMERO GUERREIRO,"{""type"":""MultiLineString"",""coordinates"":[[[-51.1227912605922,-30.0065251548829],[-51.1226950761828,-30.0057438191488]]]}",0,0,0,0,0
379,CONCLUIDO,JOAO ANTONIO SILVEIRA,"{""type"":""MultiLineString"",""coordinates"":[[[-51.1552229454827,-30.1657687549826],[-51.1548523032384,-30.1657285863828],[-51.1545458381589,-30.1655236495088]]]}",0,0,0,0,1
380,CONCLUIDO,SALDANHA MARINHO,"{""type"":""MultiLineString"",""coordinates"":[[[-51.2212918576062,-30.0577708030877],[-51.2196079117623,-30.057915702218]]]}",0,0,0,0,0
381,CONCLUIDO,SALDANHA MARINHO,"{""type"":""MultiLineString"",""coordinates"":[[[-51.2196079117623,-30.057915702218],[-51.2181138287483,-30.0580478611935]]]}",0,0,0,0,0
382,CONCLUIDO,GONCALVES DIAS,"{""type"":""MultiLineString"",""coordinates"":[[[-51.2214318232161,-30.0577592917487],[-51.2216357686731,-30.058830155591]]]}",0,0,0,0,0
383,CONCLUIDO,ERICO VERISSIMO,"{""type"":""MultiLineString"",""coordinates"":[[[-51.2181839442647,-30.0572155859168],[-51.2181768751797,-30.0576125082333],[-51.2181138287483,-30.0580478611935]]]}",0,0,0,0,0
384,CONCLUIDO,SALDANHA MARINHO,"{""type"":""MultiLineString"",""coordinates"":[[[-51.2214318232161,-30.0577592917487],[-51.2212918576062,-30.0577708030877]]]}",0,0,0,0,0
385,CONCLUIDO,GONCALVES DIAS,"{""type"":""MultiLineString"",""coordinates"":[[[-51.2216357686731,-30.058830155591],[-51.2219698523966,-30.0605649472584]]]}",0,0,0,0,0
386,CONCLUIDO,\N,"{""type"":""MultiLineString"",""coordinates"":[[[-51.2037934706537,-30.0327663924592],[-51.203932954673,-30.0327402513771],[-51.204119027702,-30.0327075702722],[-51.2042569083496,-30.0326856146942]]]}",0,0,0,0,0
